{
"__comment": "Designed by Mayomi9 with BDcraft Cubik PRO 0.96 Beta - http://bdcraft.net",
"textures": {
    "particle": "items/AK47_Redline",
    "AK47_Redline": "items/AK47_Redline"
},
"elements": [ 
{
    "from": [ 2.72, 8.52, 8.12 ],
    "to": [ 14.24, 10.44, 9.8 ],
    "faces": {
        "down":  { "uv": [ 0, 0, 7.75, 1.8125 ], "texture": "#AK47_Redline" },
        "up":    { "uv": [ 0, 0, 7.75, 1.8125 ], "texture": "#AK47_Redline" },
        "north": { "uv": [ 7.625, 3.625, 0, 0 ], "texture": "#AK47_Redline" },
        "south": { "uv": [ 0, 3.625, 7.625, 0 ], "texture": "#AK47_Redline" },
        "west":  { "uv": [ 4, 8.125, 6.375, 10.5 ], "texture": "#AK47_Redline" },
        "east":  { "uv": [ 4, 8.125, 6.375, 10.5 ], "texture": "#AK47_Redline" }
    }
},
{
    "from": [ 3.44, 10.2, 8.6 ],
    "to": [ 13.28, 11.4, 9.2 ],
    "faces": {
        "down":  { "uv": [ 5.1875, 0, 14.75, 1.3125 ], "texture": "#AK47_Redline" },
        "up":    { "uv": [ 14.75, 0, 5.1875, 1.125 ], "texture": "#AK47_Redline" },
        "north": { "uv": [ 7.625, 2.375, 0, 0 ], "texture": "#AK47_Redline" },
        "south": { "uv": [ 14.75, 1.125, 5.125, 0 ], "texture": "#AK47_Redline" },
        "west":  { "uv": [ 4, 8.5, 5, 10.25 ], "texture": "#AK47_Redline" },
        "east":  { "uv": [ 10.9375, 8.5, 11.9375, 10.25 ], "texture": "#AK47_Redline" }
    }
},
{
    "from": [ 0.56, 10.44, 8.48 ],
    "to": [ 3.44, 11.52, 9.44 ],
    "faces": {
        "down":  { "uv": [ 9.0625, 9.9375, 14.3125, 10.9375 ], "texture": "#AK47_Redline" },
        "up":    { "uv": [ 9.0625, 9.9375, 14.3125, 10.9375 ], "texture": "#AK47_Redline" },
        "north": { "uv": [ 8.75, 10.25, 14, 12 ], "texture": "#AK47_Redline" },
        "south": { "uv": [ 8.75, 10.25, 14, 12 ], "texture": "#AK47_Redline" },
        "west":  { "uv": [ 8.75, 9.4375, 9.75, 11.1875 ], "texture": "#AK47_Redline" },
        "east":  { "uv": [ 8.75, 9.4375, 9.75, 11.1875 ], "texture": "#AK47_Redline" }
    }
},
{
    "from": [ 11.24, 7.68, 8.24 ],
    "to": [ 13.64, 8.52, 9.68 ],
    "faces": {
        "down":  { "uv": [ 13.75, 11.625, 8.5, 10.625 ], "texture": "#AK47_Redline" },
        "up":    { "uv": [ 13.75, 11.625, 8.5, 10.625 ], "texture": "#AK47_Redline" },
        "north": { "uv": [ 7.9375, 9.125, 13.1875, 10.875 ], "texture": "#AK47_Redline" },
        "south": { "uv": [ 7.9375, 9.125, 13.1875, 10.875 ], "texture": "#AK47_Redline" },
        "west":  { "uv": [ 11.4375, 11.3125, 12.4375, 13.0625 ], "texture": "#AK47_Redline" },
        "east":  { "uv": [ 11.4375, 11.3125, 12.4375, 13.0625 ], "texture": "#AK47_Redline" }
    }
},
{
    "from": [ -4.6, 10.56, 8.24 ],
    "to": [ 0.56, 11.4, 9.68 ],
    "faces": {
        "down":  { "uv": [ 9.0625, 9.9375, 14.3125, 10.9375 ], "texture": "#AK47_Redline" },
        "up":    { "uv": [ 9.0625, 9.9375, 14.3125, 10.9375 ], "texture": "#AK47_Redline" },
        "north": { "uv": [ 8.75, 10.25, 14, 12 ], "texture": "#AK47_Redline" },
        "south": { "uv": [ 8.75, 10.25, 14, 12 ], "texture": "#AK47_Redline" },
        "west":  { "uv": [ 8.75, 9.4375, 9.75, 11.1875 ], "texture": "#AK47_Redline" },
        "east":  { "uv": [ 8.75, 9.4375, 9.75, 11.1875 ], "texture": "#AK47_Redline" }
    }
},
{
    "from": [ 0.56, 8.4, 8 ],
    "to": [ 2.72, 10.44, 9.92 ],
    "faces": {
        "down":  { "uv": [ 9.0625, 9.9375, 14.3125, 10.9375 ], "texture": "#AK47_Redline" },
        "up":    { "uv": [ 9.0625, 9.9375, 14.3125, 10.9375 ], "texture": "#AK47_Redline" },
        "north": { "uv": [ 8.75, 10.25, 14, 12 ], "texture": "#AK47_Redline" },
        "south": { "uv": [ 8.75, 10.25, 14, 12 ], "texture": "#AK47_Redline" },
        "west":  { "uv": [ 8.75, 9.4375, 9.75, 11.1875 ], "texture": "#AK47_Redline" },
        "east":  { "uv": [ 8.75, 9.4375, 9.75, 11.1875 ], "texture": "#AK47_Redline" }
    }
},
{
    "from": [ -4.6, 8.64, 8 ],
    "to": [ 0.56, 10.44, 9.92 ],
    "faces": {
        "down":  { "uv": [ 9.0625, 9.9375, 14.3125, 10.9375 ], "texture": "#AK47_Redline" },
        "up":    { "uv": [ 9.0625, 9.9375, 14.3125, 10.9375 ], "texture": "#AK47_Redline" },
        "north": { "uv": [ 8.75, 10.25, 14, 12 ], "texture": "#AK47_Redline" },
        "south": { "uv": [ 8.75, 10.25, 14, 12 ], "texture": "#AK47_Redline" },
        "west":  { "uv": [ 8.75, 9.4375, 9.75, 11.1875 ], "texture": "#AK47_Redline" },
        "east":  { "uv": [ 8.75, 9.4375, 9.75, 11.1875 ], "texture": "#AK47_Redline" }
    }
},
{
    "from": [ 3.44, 10.2, 8.6 ],
    "to": [ 13.28, 11.4, 9.2 ],
    "faces": {
        "down":  { "uv": [ 0, 0, 7.75, 1.8125 ], "texture": "#AK47_Redline" },
        "up":    { "uv": [ 0, 0, 7.75, 1.8125 ], "texture": "#AK47_Redline" },
        "north": { "uv": [ 5.125, 1.125, 14.75, 0 ], "texture": "#AK47_Redline" },
        "south": { "uv": [ 7.625, 2.375, 0, 0 ], "texture": "#AK47_Redline" },
        "west":  { "uv": [ 4, 8.5, 5, 10.25 ], "texture": "#AK47_Redline" },
        "east":  { "uv": [ 4, 8.5, 5, 10.25 ], "texture": "#AK47_Redline" }
    }
},
{
    "from": [ 3.44, 9.96, 8.72 ],
    "to": [ 13.28, 11.16, 9.32 ],
    "faces": {
        "down":  { "uv": [ 0, 0, 7.75, 1.8125 ], "texture": "#AK47_Redline" },
        "up":    { "uv": [ 0, 0, 7.75, 1.8125 ], "texture": "#AK47_Redline" },
        "north": { "uv": [ 7.625, 2.375, 0, 0 ], "texture": "#AK47_Redline" },
        "south": { "uv": [ 14.75, 1.125, 5.125, 0 ], "texture": "#AK47_Redline" },
        "west":  { "uv": [ 4, 8.5, 5, 10.25 ], "texture": "#AK47_Redline" },
        "east":  { "uv": [ 4, 8.5, 5, 10.25 ], "texture": "#AK47_Redline" }
    }
},
{
    "from": [ 13.28, 10.44, 8.6 ],
    "to": [ 14.6, 11.4, 9.2 ],
    "faces": {
        "down":  { "uv": [ 0, 3.375, 2.6875, 5.5625 ], "texture": "#AK47_Redline" },
        "up":    { "uv": [ 0, 3.375, 2.6875, 5.5625 ], "texture": "#AK47_Redline" },
        "north": { "uv": [ 0, 2.8125, 2.75, 5.3125 ], "texture": "#AK47_Redline" },
        "south": { "uv": [ 0, 2.8125, 2.75, 5.3125 ], "texture": "#AK47_Redline" },
        "west":  { "uv": [ 0, 4, 2.8125, 6.1875 ], "texture": "#AK47_Redline" },
        "east":  { "uv": [ 0, 4, 2.8125, 6.1875 ], "texture": "#AK47_Redline" }
    }
},
{
    "from": [ 11.72, 3.84, 8.36 ],
    "to": [ 13.52, 7.68, 9.56 ],
    "faces": {
        "down":  { "uv": [ 13.8125, 10.875, 8.5625, 9.875 ], "texture": "#AK47_Redline" },
        "up":    { "uv": [ 13.8125, 10.875, 8.5625, 9.875 ], "texture": "#AK47_Redline" },
        "north": { "uv": [ 6.4375, 11.125, 4.5, 15.3125 ], "texture": "#AK47_Redline" },
        "south": { "uv": [ 4.5, 11.125, 6.4375, 15.3125 ], "texture": "#AK47_Redline" },
        "west":  { "uv": [ 4, 8.5, 5, 10.25 ], "texture": "#AK47_Redline" },
        "east":  { "uv": [ 11, 8.5, 12, 10.25 ], "texture": "#AK47_Redline" }
    }
},
{
    "from": [ 6.2, 7.32, 8.48 ],
    "to": [ 8.6, 8.52, 9.44 ],
    "faces": {
        "down":  { "uv": [ 8.5, 5, 3.25, 4 ], "texture": "#AK47_Redline" },
        "up":    { "uv": [ 7.5, 4, 12.75, 5 ], "texture": "#AK47_Redline" },
        "north": { "uv": [ 10.625, 4.3125, 12.9375, 8.3125 ], "rotation": 270, "texture": "#AK47_Redline" },
        "south": { "uv": [ 12.9375, 4.3125, 10.625, 8.3125 ], "rotation": 90, "texture": "#AK47_Redline" },
        "west":  { "uv": [ 4, 8.5, 5, 10.25 ], "texture": "#AK47_Redline" },
        "east":  { "uv": [ 11, 8.5, 12, 10.25 ], "texture": "#AK47_Redline" }
    }
},
{
    "from": [ 6.56, 4.90274, 8.4944 ],
    "to": [ 8.77073, 8.16, 9.4352 ],
    "faces": {
        "down":  { "uv": [ 8.5, 5, 3.25, 4 ], "texture": "#AK47_Redline" },
        "up":    { "uv": [ 7.5, 4, 12.75, 5 ], "texture": "#AK47_Redline" },
        "north": { "uv": [ 7.875, 8.0625, 9.6875, 4.4375 ], "rotation": 90, "texture": "#AK47_Redline" },
        "south": { "uv": [ 9.6875, 4.4375, 7.875, 8.0625 ], "rotation": 90, "texture": "#AK47_Redline" },
        "west":  { "uv": [ 4, 8.5, 5, 10.25 ], "texture": "#AK47_Redline" },
        "east":  { "uv": [ 11, 8.5, 12, 10.25 ], "texture": "#AK47_Redline" }
    }
},
{
    "from": [ 5.8016, 2.85733, 8.4896 ],
    "to": [ 7.99152, 5.85408, 9.4304 ],
    "faces": {
        "down":  { "uv": [ 8.5, 5, 3.25, 4 ], "texture": "#AK47_Redline" },
        "up":    { "uv": [ 7.5, 4, 12.75, 5 ], "texture": "#AK47_Redline" },
        "north": { "uv": [ 12, 4.3125, 9.6875, 8.3125 ], "rotation": 270, "texture": "#AK47_Redline" },
        "south": { "uv": [ 9.6875, 4.4375, 12, 8.4375 ], "rotation": 90, "texture": "#AK47_Redline" },
        "west":  { "uv": [ 4, 8.5, 5, 10.25 ], "texture": "#AK47_Redline" },
        "east":  { "uv": [ 11, 8.5, 12, 10.25 ], "texture": "#AK47_Redline" }
    }
},
{
    "from": [ -1.96, 10.44, 8.24 ],
    "to": [ -0.76, 10.68, 9.68 ],
    "faces": {
        "down":  { "uv": [ 9.0625, 9.9375, 14.3125, 10.9375 ], "texture": "#AK47_Redline" },
        "up":    { "uv": [ 9.0625, 9.9375, 14.3125, 10.9375 ], "texture": "#AK47_Redline" },
        "north": { "uv": [ 8.75, 10.25, 14, 12 ], "texture": "#AK47_Redline" },
        "south": { "uv": [ 8.75, 10.25, 14, 12 ], "texture": "#AK47_Redline" },
        "west":  { "uv": [ 8.75, 9.4375, 9.75, 11.1875 ], "texture": "#AK47_Redline" },
        "east":  { "uv": [ 8.75, 9.4375, 9.75, 11.1875 ], "texture": "#AK47_Redline" }
    }
},
{
    "from": [ -4.6, 10.44, 8.24 ],
    "to": [ -3.4, 10.68, 9.68 ],
    "faces": {
        "down":  { "uv": [ 9.0625, 9.9375, 14.3125, 10.9375 ], "texture": "#AK47_Redline" },
        "up":    { "uv": [ 9.0625, 9.9375, 14.3125, 10.9375 ], "texture": "#AK47_Redline" },
        "north": { "uv": [ 8.75, 10.25, 14, 12 ], "texture": "#AK47_Redline" },
        "south": { "uv": [ 8.75, 10.25, 14, 12 ], "texture": "#AK47_Redline" },
        "west":  { "uv": [ 8.75, 9.4375, 9.75, 11.1875 ], "texture": "#AK47_Redline" },
        "east":  { "uv": [ 8.75, 9.4375, 9.75, 11.1875 ], "texture": "#AK47_Redline" }
    }
},
{
    "from": [ -5.08, 9.12, 8.48 ],
    "to": [ -4.6, 10.32, 9.44 ],
    "faces": {
        "down":  { "uv": [ 7.4375, 14.375, 7.6875, 15.0625 ], "texture": "#AK47_Redline" },
        "up":    { "uv": [ 7.4375, 14.375, 7.6875, 15.0625 ], "texture": "#AK47_Redline" },
        "north": { "uv": [ 7.5625, 14.0625, 7.6875, 15.5625 ], "texture": "#AK47_Redline" },
        "south": { "uv": [ 7.5625, 14.0625, 7.6875, 15.5625 ], "texture": "#AK47_Redline" },
        "west":  { "uv": [ 7.625, 14.25, 7.8125, 15.3125 ], "texture": "#AK47_Redline" },
        "east":  { "uv": [ 7.625, 14.25, 7.8125, 15.3125 ], "texture": "#AK47_Redline" }
    }
},
{
    "from": [ -13.72, 9.24, 8.72 ],
    "to": [ 2.24, 9.96, 9.2 ],
    "faces": {
        "down":  { "uv": [ 9.0625, 9.9375, 14.3125, 10.9375 ], "texture": "#AK47_Redline" },
        "up":    { "uv": [ 9.0625, 9.9375, 14.3125, 10.9375 ], "texture": "#AK47_Redline" },
        "north": { "uv": [ 8.75, 10.25, 14, 12 ], "texture": "#AK47_Redline" },
        "south": { "uv": [ 8.75, 10.25, 14, 12 ], "texture": "#AK47_Redline" },
        "west":  { "uv": [ 8.75, 9.4375, 9.75, 11.1875 ], "texture": "#AK47_Redline" },
        "east":  { "uv": [ 8.75, 9.4375, 9.75, 11.1875 ], "texture": "#AK47_Redline" }
    }
},
{
    "from": [ -7.84, 10.56, 8.6 ],
    "to": [ -4.6, 11.16, 9.32 ],
    "faces": {
        "down":  { "uv": [ 5.25, 1, 0, 0 ], "texture": "#AK47_Redline" },
        "up":    { "uv": [ 0, 0, 5.25, 1 ], "texture": "#AK47_Redline" },
        "north": { "uv": [ 0, 0, 5.25, 1.75 ], "texture": "#AK47_Redline" },
        "south": { "uv": [ 0, 0, 5.25, 1.75 ], "texture": "#AK47_Redline" },
        "west":  { "uv": [ 4, 8.5, 5, 10.25 ], "texture": "#AK47_Redline" },
        "east":  { "uv": [ 4, 8.5, 5, 10.25 ], "texture": "#AK47_Redline" }
    }
},
{
    "from": [ -9.4, 9.12, 8.6 ],
    "to": [ -7.6, 10.08, 9.32 ],
    "faces": {
        "down":  { "uv": [ 0, 0, 7.75, 1.8125 ], "texture": "#AK47_Redline" },
        "up":    { "uv": [ 0, 0, 5.4375, 1.5 ], "texture": "#AK47_Redline" },
        "north": { "uv": [ 5.0625, 1.75, 0, 0 ], "texture": "#AK47_Redline" },
        "south": { "uv": [ 5.0625, 2.375, 0, 0 ], "texture": "#AK47_Redline" },
        "west":  { "uv": [ 4, 8.5, 5, 10.25 ], "texture": "#AK47_Redline" },
        "east":  { "uv": [ 4, 8.5, 5, 10.25 ], "texture": "#AK47_Redline" }
    }
},
{
    "from": [ -14.32, 9.12, 8.6 ],
    "to": [ -12.64, 10.08, 9.32 ],
    "faces": {
        "down":  { "uv": [ 0, 0, 4.5, 1.1875 ], "texture": "#AK47_Redline" },
        "up":    { "uv": [ 0, 0, 4.5, 1.1875 ], "texture": "#AK47_Redline" },
        "north": { "uv": [ 5.875, 1.6875, 0, 0 ], "texture": "#AK47_Redline" },
        "south": { "uv": [ 5.875, 1.6875, 0, 0 ], "texture": "#AK47_Redline" },
        "west":  { "uv": [ 4, 8.5, 5, 10.25 ], "texture": "#AK47_Redline" },
        "east":  { "uv": [ 11, 8.5, 12, 10.25 ], "texture": "#AK47_Redline" }
    }
},
{
    "from": [ -15.76, 9.12, 8.6 ],
    "to": [ -13.24, 9.48, 9.32 ],
    "faces": {
        "down":  { "uv": [ 0, 0, 7.75, 1.8125 ], "texture": "#AK47_Redline" },
        "up":    { "uv": [ 0, 0, 7.75, 1.8125 ], "texture": "#AK47_Redline" },
        "north": { "uv": [ 7.625, 3.625, 0, 0 ], "texture": "#AK47_Redline" },
        "south": { "uv": [ 7.625, 3.625, 0, 0 ], "texture": "#AK47_Redline" },
        "west":  { "uv": [ 4, 8.5, 5, 10.25 ], "texture": "#AK47_Redline" },
        "east":  { "uv": [ 11, 8.5, 12, 10.25 ], "texture": "#AK47_Redline" }
    }
},
{
    "from": [ -15.16, 9, 8.6 ],
    "to": [ -14.92, 10.08, 9.32 ],
    "faces": {
        "down":  { "uv": [ 0, 0, 7.75, 1.8125 ], "texture": "#AK47_Redline" },
        "up":    { "uv": [ 0, 0, 7.75, 1.8125 ], "texture": "#AK47_Redline" },
        "north": { "uv": [ 7.625, 3.625, 0, 0 ], "texture": "#AK47_Redline" },
        "south": { "uv": [ 7.625, 3.625, 0, 0 ], "texture": "#AK47_Redline" },
        "west":  { "uv": [ 4, 8.5, 5, 10.25 ], "texture": "#AK47_Redline" },
        "east":  { "uv": [ 11, 8.5, 12, 10.25 ], "texture": "#AK47_Redline" }
    }
},
{
    "from": [ -15.16, 9.48, 8.6 ],
    "to": [ -12.76, 10.08, 9.32 ],
    "faces": {
        "down":  { "uv": [ 0, 0, 7.75, 1.8125 ], "texture": "#AK47_Redline" },
        "up":    { "uv": [ 0, 0, 7.75, 1.8125 ], "texture": "#AK47_Redline" },
        "north": { "uv": [ 7.625, 3.625, 0, 0 ], "texture": "#AK47_Redline" },
        "south": { "uv": [ 7.625, 3.625, 0, 0 ], "texture": "#AK47_Redline" },
        "west":  { "uv": [ 4, 8.5, 5, 10.25 ], "texture": "#AK47_Redline" },
        "east":  { "uv": [ 11, 8.5, 12, 10.25 ], "texture": "#AK47_Redline" }
    }
},
{
    "from": [ -15.4, 9.36, 8.6 ],
    "to": [ -13.24, 9.72, 9.32 ],
    "faces": {
        "down":  { "uv": [ 0, 0, 7.75, 1.8125 ], "texture": "#AK47_Redline" },
        "up":    { "uv": [ 0, 0, 7.75, 1.8125 ], "texture": "#AK47_Redline" },
        "north": { "uv": [ 7.625, 3.625, 0, 0 ], "texture": "#AK47_Redline" },
        "south": { "uv": [ 7.625, 3.625, 0, 0 ], "texture": "#AK47_Redline" },
        "west":  { "uv": [ 4, 8.5, 5, 10.25 ], "texture": "#AK47_Redline" },
        "east":  { "uv": [ 11, 8.5, 12, 10.25 ], "texture": "#AK47_Redline" }
    }
},
{
    "from": [ -8.08, 9.84, 8.84 ],
    "to": [ -7.6, 10.56, 9.08 ],
    "faces": {
        "down":  { "uv": [ 0, 0, 7.75, 1.8125 ], "texture": "#AK47_Redline" },
        "up":    { "uv": [ 0, 0, 7.75, 1.8125 ], "texture": "#AK47_Redline" },
        "north": { "uv": [ 7.625, 3.625, 0, 0 ], "texture": "#AK47_Redline" },
        "south": { "uv": [ 7.625, 3.625, 0, 0 ], "texture": "#AK47_Redline" },
        "west":  { "uv": [ 4, 8.5, 5, 10.25 ], "texture": "#AK47_Redline" },
        "east":  { "uv": [ 11, 8.5, 12, 10.25 ], "texture": "#AK47_Redline" }
    }
},
{
    "from": [ -8.92, 9.72, 8.84 ],
    "to": [ -7.72, 10.08, 9.08 ],
    "faces": {
        "down":  { "uv": [ 0, 0, 7.75, 1.8125 ], "texture": "#AK47_Redline" },
        "up":    { "uv": [ 0, 0, 7.75, 1.8125 ], "texture": "#AK47_Redline" },
        "north": { "uv": [ 7.625, 3.625, 0, 0 ], "texture": "#AK47_Redline" },
        "south": { "uv": [ 7.625, 3.625, 0, 0 ], "texture": "#AK47_Redline" },
        "west":  { "uv": [ 4, 8.5, 5, 10.25 ], "texture": "#AK47_Redline" },
        "east":  { "uv": [ 11, 8.5, 12, 10.25 ], "texture": "#AK47_Redline" }
    }
},
{
    "from": [ -7.84, 10.56, 8.6 ],
    "to": [ -7.6, 11.16, 9.32 ],
    "faces": {
        "down":  { "uv": [ 0, 0, 7.75, 1.8125 ], "texture": "#AK47_Redline" },
        "up":    { "uv": [ 0, 0, 7.75, 1.8125 ], "texture": "#AK47_Redline" },
        "north": { "uv": [ 7.625, 3.625, 0, 0 ], "texture": "#AK47_Redline" },
        "south": { "uv": [ 7.625, 3.625, 0, 0 ], "texture": "#AK47_Redline" },
        "west":  { "uv": [ 4, 8.5, 5, 10.25 ], "texture": "#AK47_Redline" },
        "east":  { "uv": [ 11, 8.5, 12, 10.25 ], "texture": "#AK47_Redline" }
    }
},
{
    "from": [ -7.96, 10.56, 8.6 ],
    "to": [ -7.72, 10.8, 9.32 ],
    "faces": {
        "down":  { "uv": [ 0, 0, 7.75, 1.8125 ], "texture": "#AK47_Redline" },
        "up":    { "uv": [ 0, 0, 7.75, 1.8125 ], "texture": "#AK47_Redline" },
        "north": { "uv": [ 7.625, 3.625, 0, 0 ], "texture": "#AK47_Redline" },
        "south": { "uv": [ 7.625, 3.625, 0, 0 ], "texture": "#AK47_Redline" },
        "west":  { "uv": [ 4, 8.5, 5, 10.25 ], "texture": "#AK47_Redline" },
        "east":  { "uv": [ 11, 8.5, 12, 10.25 ], "texture": "#AK47_Redline" }
    }
},
{
    "from": [ -13.72, 8.76, 8.84 ],
    "to": [ 2.24, 8.88, 9.08 ],
    "faces": {
        "down":  { "uv": [ 0, 0, 7.75, 1.8125 ], "texture": "#AK47_Redline" },
        "up":    { "uv": [ 0, 0, 7.75, 1.8125 ], "texture": "#AK47_Redline" },
        "north": { "uv": [ 7.625, 3.625, 0, 0 ], "texture": "#AK47_Redline" },
        "south": { "uv": [ 7.625, 3.625, 0, 0 ], "texture": "#AK47_Redline" },
        "west":  { "uv": [ 4, 8.5, 5, 10.25 ], "texture": "#AK47_Redline" },
        "east":  { "uv": [ 11, 8.5, 12, 10.25 ], "texture": "#AK47_Redline" }
    }
},
{
    "from": [ -9.4, 8.64, 8.6 ],
    "to": [ -8.8, 9.12, 9.32 ],
    "faces": {
        "down":  { "uv": [ 0, 0, 7.75, 1.8125 ], "texture": "#AK47_Redline" },
        "up":    { "uv": [ 0, 0, 7.75, 1.8125 ], "texture": "#AK47_Redline" },
        "north": { "uv": [ 7.625, 3.625, 0, 0 ], "texture": "#AK47_Redline" },
        "south": { "uv": [ 7.625, 3.625, 0, 0 ], "texture": "#AK47_Redline" },
        "west":  { "uv": [ 4, 8.5, 5, 10.25 ], "texture": "#AK47_Redline" },
        "east":  { "uv": [ 11, 8.5, 12, 10.25 ], "texture": "#AK47_Redline" }
    }
},
{
    "from": [ -14.2, 8.64, 8.6 ],
    "to": [ -13.24, 9.12, 9.32 ],
    "faces": {
        "down":  { "uv": [ 0, 0, 7.75, 1.8125 ], "texture": "#AK47_Redline" },
        "up":    { "uv": [ 0, 0, 7.75, 1.8125 ], "texture": "#AK47_Redline" },
        "north": { "uv": [ 7.625, 3.625, 0, 0 ], "texture": "#AK47_Redline" },
        "south": { "uv": [ 7.625, 3.625, 0, 0 ], "texture": "#AK47_Redline" },
        "west":  { "uv": [ 4, 8.5, 5, 10.25 ], "texture": "#AK47_Redline" },
        "east":  { "uv": [ 11, 8.5, 12, 10.25 ], "texture": "#AK47_Redline" }
    }
},
{
    "from": [ 18.08, 8.04, 8.36 ],
    "to": [ 23, 9.6, 9.56 ],
    "faces": {
        "down":  { "uv": [ 2.375, 11.6875, 3.4375, 15.1875 ], "texture": "#AK47_Redline" },
        "up":    { "uv": [ 2.375, 11.6875, 3.4375, 15.1875 ], "texture": "#AK47_Redline" },
        "north": { "uv": [ 2.5, 12.5, 3.375, 14.9375 ], "texture": "#AK47_Redline" },
        "south": { "uv": [ 2.5, 12.5, 3.375, 14.9375 ], "texture": "#AK47_Redline" },
        "west":  { "uv": [ 2.375, 12.4375, 3.375, 14.1875 ], "texture": "#AK47_Redline" },
        "east":  { "uv": [ 2.375, 12.4375, 3.375, 14.1875 ], "texture": "#AK47_Redline" }
    }
},
{
    "from": [ 14.24, 9.48, 8.36 ],
    "to": [ 23.84, 10.44, 9.56 ],
    "faces": {
        "down":  { "uv": [ 2.375, 11.6875, 3.4375, 15.1875 ], "texture": "#AK47_Redline" },
        "up":    { "uv": [ 2.375, 11.6875, 3.4375, 15.1875 ], "texture": "#AK47_Redline" },
        "north": { "uv": [ 2.5, 12.5, 3.375, 14.9375 ], "texture": "#AK47_Redline" },
        "south": { "uv": [ 2.5, 12.5, 3.375, 14.9375 ], "texture": "#AK47_Redline" },
        "west":  { "uv": [ 2.375, 12.4375, 3.375, 14.1875 ], "texture": "#AK47_Redline" },
        "east":  { "uv": [ 2.375, 12.4375, 3.375, 14.1875 ], "texture": "#AK47_Redline" }
    }
},
{
    "from": [ 13.76, 8.76, 8.36 ],
    "to": [ 22.64, 9.84, 9.56 ],
    "faces": {
        "down":  { "uv": [ 2.375, 11.6875, 3.4375, 15.1875 ], "texture": "#AK47_Redline" },
        "up":    { "uv": [ 2.375, 11.6875, 3.4375, 15.1875 ], "texture": "#AK47_Redline" },
        "north": { "uv": [ 2.5, 12.5, 3.375, 14.9375 ], "texture": "#AK47_Redline" },
        "south": { "uv": [ 2.5, 12.5, 3.375, 14.9375 ], "texture": "#AK47_Redline" },
        "west":  { "uv": [ 2.375, 12.4375, 3.375, 14.1875 ], "texture": "#AK47_Redline" },
        "east":  { "uv": [ 2.375, 12.4375, 3.375, 14.1875 ], "texture": "#AK47_Redline" }
    }
},
{
    "from": [ 22.64, 5.81039, 8.3408 ],
    "to": [ 23.252, 10.3392, 9.5648 ],
    "faces": {
        "down":  { "uv": [ 7.4375, 14.375, 7.6875, 15.0625 ], "texture": "#AK47_Redline" },
        "up":    { "uv": [ 7.4375, 14.375, 7.6875, 15.0625 ], "texture": "#AK47_Redline" },
        "north": { "uv": [ 7.5625, 14.0625, 7.6875, 15.5625 ], "texture": "#AK47_Redline" },
        "south": { "uv": [ 7.5625, 14.0625, 7.6875, 15.5625 ], "texture": "#AK47_Redline" },
        "west":  { "uv": [ 7.625, 14.25, 7.8125, 15.3125 ], "texture": "#AK47_Redline" },
        "east":  { "uv": [ 7.625, 14.25, 7.8125, 15.3125 ], "texture": "#AK47_Redline" }
    }
},
{
    "from": [ 18.32, 9.12, 8.36 ],
    "to": [ 19.16, 9.72, 9.56 ],
    "faces": {
        "down":  { "uv": [ 2.375, 11.6875, 3.4375, 15.1875 ], "texture": "#AK47_Redline" },
        "up":    { "uv": [ 2.375, 11.6875, 3.4375, 15.1875 ], "texture": "#AK47_Redline" },
        "north": { "uv": [ 2.5, 12.5, 3.375, 14.9375 ], "texture": "#AK47_Redline" },
        "south": { "uv": [ 2.5, 12.5, 3.375, 14.9375 ], "texture": "#AK47_Redline" },
        "west":  { "uv": [ 2.375, 12.4375, 3.375, 14.1875 ], "texture": "#AK47_Redline" },
        "east":  { "uv": [ 2.375, 12.4375, 3.375, 14.1875 ], "texture": "#AK47_Redline" }
    }
},
{
    "from": [ 18.92, 9.72, 8.36 ],
    "to": [ 22.64, 10.32, 9.56 ],
    "faces": {
        "down":  { "uv": [ 2.375, 11.6875, 3.4375, 15.1875 ], "texture": "#AK47_Redline" },
        "up":    { "uv": [ 2.375, 11.6875, 3.4375, 15.1875 ], "texture": "#AK47_Redline" },
        "north": { "uv": [ 2.5, 12.5, 3.375, 14.9375 ], "texture": "#AK47_Redline" },
        "south": { "uv": [ 2.5, 12.5, 3.375, 14.9375 ], "texture": "#AK47_Redline" },
        "west":  { "uv": [ 2.375, 12.4375, 3.375, 14.1875 ], "texture": "#AK47_Redline" },
        "east":  { "uv": [ 2.375, 12.4375, 3.375, 14.1875 ], "texture": "#AK47_Redline" }
    }
},
{
    "from": [ 20, 7.44, 8.36 ],
    "to": [ 22.88, 8.52, 9.56 ],
    "faces": {
        "down":  { "uv": [ 2.375, 11.6875, 3.4375, 15.1875 ], "texture": "#AK47_Redline" },
        "up":    { "uv": [ 2.375, 11.6875, 3.4375, 15.1875 ], "texture": "#AK47_Redline" },
        "north": { "uv": [ 2.5, 12.5, 3.375, 14.9375 ], "texture": "#AK47_Redline" },
        "south": { "uv": [ 2.5, 12.5, 3.375, 14.9375 ], "texture": "#AK47_Redline" },
        "west":  { "uv": [ 2.375, 12.4375, 3.375, 14.1875 ], "texture": "#AK47_Redline" },
        "east":  { "uv": [ 2.375, 12.4375, 3.375, 14.1875 ], "texture": "#AK47_Redline" }
    }
},
{
    "from": [ 21.08, 6.72, 8.36 ],
    "to": [ 22.76, 8.28, 9.56 ],
    "faces": {
        "down":  { "uv": [ 2.375, 11.6875, 3.4375, 15.1875 ], "texture": "#AK47_Redline" },
        "up":    { "uv": [ 2.375, 11.6875, 3.4375, 15.1875 ], "texture": "#AK47_Redline" },
        "north": { "uv": [ 2.5, 12.5, 3.375, 14.9375 ], "texture": "#AK47_Redline" },
        "south": { "uv": [ 2.5, 12.5, 3.375, 14.9375 ], "texture": "#AK47_Redline" },
        "west":  { "uv": [ 2.375, 12.4375, 3.375, 14.1875 ], "texture": "#AK47_Redline" },
        "east":  { "uv": [ 2.375, 12.4375, 3.375, 14.1875 ], "texture": "#AK47_Redline" }
    }
},
{
    "from": [ -14.2, 9.6, 8.84 ],
    "to": [ -12.88, 10.32, 9.08 ],
    "faces": {
        "down":  { "uv": [ 8.5, 5, 3.25, 4 ], "texture": "#AK47_Redline" },
        "up":    { "uv": [ 7.5, 4, 12.75, 5 ], "texture": "#AK47_Redline" },
        "north": { "uv": [ 3.25, 8.5, 8.5, 10.25 ], "texture": "#AK47_Redline" },
        "south": { "uv": [ 7.5, 8.5, 12.75, 10.25 ], "texture": "#AK47_Redline" },
        "west":  { "uv": [ 4, 8.5, 5, 10.25 ], "texture": "#AK47_Redline" },
        "east":  { "uv": [ 11, 8.5, 12, 10.25 ], "texture": "#AK47_Redline" }
    }
},
{
    "from": [ -14.08, 10.8, 8.84 ],
    "to": [ -13.24, 11.28, 9.08 ],
    "faces": {
        "down":  { "uv": [ 8.5, 5, 3.25, 4 ], "texture": "#AK47_Redline" },
        "up":    { "uv": [ 7.5, 4, 12.75, 5 ], "texture": "#AK47_Redline" },
        "north": { "uv": [ 3.25, 8.5, 8.5, 10.25 ], "texture": "#AK47_Redline" },
        "south": { "uv": [ 7.5, 8.5, 12.75, 10.25 ], "texture": "#AK47_Redline" },
        "west":  { "uv": [ 4, 8.5, 5, 10.25 ], "texture": "#AK47_Redline" },
        "east":  { "uv": [ 11, 8.5, 12, 10.25 ], "texture": "#AK47_Redline" }
    }
},
{
    "from": [ -14.2, 9.24, 8.84 ],
    "to": [ -13.96, 11.28, 9.08 ],
    "faces": {
        "down":  { "uv": [ 8.5, 5, 3.25, 4 ], "texture": "#AK47_Redline" },
        "up":    { "uv": [ 7.5, 4, 12.75, 5 ], "texture": "#AK47_Redline" },
        "north": { "uv": [ 3.25, 8.5, 8.5, 10.25 ], "texture": "#AK47_Redline" },
        "south": { "uv": [ 7.5, 8.5, 12.75, 10.25 ], "texture": "#AK47_Redline" },
        "west":  { "uv": [ 4, 8.5, 5, 10.25 ], "texture": "#AK47_Redline" },
        "east":  { "uv": [ 11, 8.5, 12, 10.25 ], "texture": "#AK47_Redline" }
    }
},
{
    "from": [ -13.48, 9.12, 8.84 ],
    "to": [ -13.24, 11.16, 9.08 ],
    "faces": {
        "down":  { "uv": [ 8.5, 5, 3.25, 4 ], "texture": "#AK47_Redline" },
        "up":    { "uv": [ 7.5, 4, 12.75, 5 ], "texture": "#AK47_Redline" },
        "north": { "uv": [ 3.25, 8.5, 8.5, 10.25 ], "texture": "#AK47_Redline" },
        "south": { "uv": [ 7.5, 8.5, 12.75, 10.25 ], "texture": "#AK47_Redline" },
        "west":  { "uv": [ 4, 8.5, 5, 10.25 ], "texture": "#AK47_Redline" },
        "east":  { "uv": [ 11, 8.5, 12, 10.25 ], "texture": "#AK47_Redline" }
    }
},
{
    "from": [ -13.96, 10.92, 8.72 ],
    "to": [ -13.72, 11.16, 9.2 ],
    "faces": {
        "down":  { "uv": [ 8.5, 5, 3.25, 4 ], "texture": "#AK47_Redline" },
        "up":    { "uv": [ 7.5, 4, 12.75, 5 ], "texture": "#AK47_Redline" },
        "north": { "uv": [ 3.25, 8.5, 8.5, 10.25 ], "texture": "#AK47_Redline" },
        "south": { "uv": [ 7.5, 8.5, 12.75, 10.25 ], "texture": "#AK47_Redline" },
        "west":  { "uv": [ 4, 8.5, 5, 10.25 ], "texture": "#AK47_Redline" },
        "east":  { "uv": [ 11, 8.5, 12, 10.25 ], "texture": "#AK47_Redline" }
    }
},
{
    "from": [ -14.2, 11.28, 8.72 ],
    "to": [ -13.36, 11.4, 9.2 ],
    "faces": {
        "down":  { "uv": [ 8.5, 5, 3.25, 4 ], "texture": "#AK47_Redline" },
        "up":    { "uv": [ 7.5, 4, 12.75, 5 ], "texture": "#AK47_Redline" },
        "north": { "uv": [ 3.25, 8.5, 8.5, 10.25 ], "texture": "#AK47_Redline" },
        "south": { "uv": [ 7.5, 8.5, 12.75, 10.25 ], "texture": "#AK47_Redline" },
        "west":  { "uv": [ 4, 8.5, 5, 10.25 ], "texture": "#AK47_Redline" },
        "east":  { "uv": [ 11, 8.5, 12, 10.25 ], "texture": "#AK47_Redline" }
    }
},
{
    "from": [ -14.2, 11.4, 9.2 ],
    "to": [ -13.36, 11.88, 9.32 ],
    "faces": {
        "down":  { "uv": [ 8.5, 5, 3.25, 4 ], "texture": "#AK47_Redline" },
        "up":    { "uv": [ 7.5, 4, 12.75, 5 ], "texture": "#AK47_Redline" },
        "north": { "uv": [ 3.25, 8.5, 8.5, 10.25 ], "texture": "#AK47_Redline" },
        "south": { "uv": [ 7.5, 8.5, 12.75, 10.25 ], "texture": "#AK47_Redline" },
        "west":  { "uv": [ 4, 8.5, 5, 10.25 ], "texture": "#AK47_Redline" },
        "east":  { "uv": [ 11, 8.5, 12, 10.25 ], "texture": "#AK47_Redline" }
    }
},
{
    "from": [ -14.2, 11.4, 8.6 ],
    "to": [ -13.36, 11.88, 8.72 ],
    "faces": {
        "down":  { "uv": [ 8.5, 5, 3.25, 4 ], "texture": "#AK47_Redline" },
        "up":    { "uv": [ 7.5, 4, 12.75, 5 ], "texture": "#AK47_Redline" },
        "north": { "uv": [ 3.25, 8.5, 8.5, 10.25 ], "texture": "#AK47_Redline" },
        "south": { "uv": [ 7.5, 8.5, 12.75, 10.25 ], "texture": "#AK47_Redline" },
        "west":  { "uv": [ 4, 8.5, 5, 10.25 ], "texture": "#AK47_Redline" },
        "east":  { "uv": [ 11, 8.5, 12, 10.25 ], "texture": "#AK47_Redline" }
    }
},
{
    "from": [ -14.2, 11.88, 8.72 ],
    "to": [ -13.36, 12, 8.84 ],
    "faces": {
        "down":  { "uv": [ 8.5, 5, 3.25, 4 ], "texture": "#AK47_Redline" },
        "up":    { "uv": [ 7.5, 4, 12.75, 5 ], "texture": "#AK47_Redline" },
        "north": { "uv": [ 3.25, 8.5, 8.5, 10.25 ], "texture": "#AK47_Redline" },
        "south": { "uv": [ 7.5, 8.5, 12.75, 10.25 ], "texture": "#AK47_Redline" },
        "west":  { "uv": [ 4, 8.5, 5, 10.25 ], "texture": "#AK47_Redline" },
        "east":  { "uv": [ 11, 8.5, 12, 10.25 ], "texture": "#AK47_Redline" }
    }
},
{
    "from": [ -14.2, 11.88, 9.08 ],
    "to": [ -13.36, 12, 9.2 ],
    "faces": {
        "down":  { "uv": [ 8.5, 5, 3.25, 4 ], "texture": "#AK47_Redline" },
        "up":    { "uv": [ 7.5, 4, 12.75, 5 ], "texture": "#AK47_Redline" },
        "north": { "uv": [ 3.25, 8.5, 8.5, 10.25 ], "texture": "#AK47_Redline" },
        "south": { "uv": [ 7.5, 8.5, 12.75, 10.25 ], "texture": "#AK47_Redline" },
        "west":  { "uv": [ 4, 8.5, 5, 10.25 ], "texture": "#AK47_Redline" },
        "east":  { "uv": [ 11, 8.5, 12, 10.25 ], "texture": "#AK47_Redline" }
    }
},
{
    "from": [ 9.32, 7.24319, 8.84 ],
    "to": [ 10.88, 7.36319, 9.08 ],
    "faces": {
        "down":  { "uv": [ 0, 0, 5.25, 1 ], "texture": "#AK47_Redline" },
        "up":    { "uv": [ 0, 0, 5.25, 1 ], "texture": "#AK47_Redline" },
        "north": { "uv": [ 0, 0, 5.25, 1.75 ], "texture": "#AK47_Redline" },
        "south": { "uv": [ 0, 0, 5.25, 1.75 ], "texture": "#AK47_Redline" },
        "west":  { "uv": [ 0, 0, 1, 1.75 ], "texture": "#AK47_Redline" },
        "east":  { "uv": [ 0, 0, 1, 1.75 ], "texture": "#AK47_Redline" }
    }
},
{
    "from": [ 10.76, 7.2, 8.84 ],
    "to": [ 12.44, 7.32, 9.08 ],
    "faces": {
        "down":  { "uv": [ 0, 0, 5.25, 1 ], "texture": "#AK47_Redline" },
        "up":    { "uv": [ 0, 0, 5.25, 1 ], "texture": "#AK47_Redline" },
        "north": { "uv": [ 0, 0, 5.25, 1.75 ], "texture": "#AK47_Redline" },
        "south": { "uv": [ 0, 0, 5.25, 1.75 ], "texture": "#AK47_Redline" },
        "west":  { "uv": [ 0, 0, 1, 1.75 ], "texture": "#AK47_Redline" },
        "east":  { "uv": [ 0, 0, 1, 1.75 ], "texture": "#AK47_Redline" }
    }
},
{
    "from": [ 8.6, 7.2, 8.48 ],
    "to": [ 9.2, 8.64, 9.44 ],
    "faces": {
        "down":  { "uv": [ 0, 0, 5.25, 1 ], "texture": "#AK47_Redline" },
        "up":    { "uv": [ 0, 0, 5.25, 1 ], "texture": "#AK47_Redline" },
        "north": { "uv": [ 4, 3.0625, 2.8125, 5.625 ], "texture": "#AK47_Redline" },
        "south": { "uv": [ 4, 3.0625, 2.8125, 5.625 ], "texture": "#AK47_Redline" },
        "west":  { "uv": [ 0, 0, 1, 1.75 ], "texture": "#AK47_Redline" },
        "east":  { "uv": [ 0, 0, 1, 1.75 ], "texture": "#AK47_Redline" }
    }
},
{
    "from": [ 8.48, 8.14081, 8.84 ],
    "to": [ 9.8, 8.26081, 9.08 ],
    "faces": {
        "down":  { "uv": [ 0, 0, 5.25, 1 ], "texture": "#AK47_Redline" },
        "up":    { "uv": [ 0, 0, 5.25, 1 ], "texture": "#AK47_Redline" },
        "north": { "uv": [ 0, 0, 5.25, 1.75 ], "texture": "#AK47_Redline" },
        "south": { "uv": [ 0, 0, 5.25, 1.75 ], "texture": "#AK47_Redline" },
        "west":  { "uv": [ 0, 0, 1, 1.75 ], "texture": "#AK47_Redline" },
        "east":  { "uv": [ 0, 0, 1, 1.75 ], "texture": "#AK47_Redline" }
    }
},
{
    "from": [ 11.12, 7.44, 8.84 ],
    "to": [ 11.36, 9.48, 9.08 ],
    "faces": {
        "down":  { "uv": [ 7.4375, 14.3125, 7.8125, 15.375 ], "texture": "#AK47_Redline" },
        "up":    { "uv": [ 7.4375, 14.3125, 7.8125, 15.375 ], "texture": "#AK47_Redline" },
        "north": { "uv": [ 7.5, 13.625, 7.8125, 15.8125 ], "texture": "#AK47_Redline" },
        "south": { "uv": [ 7.5, 13.625, 7.8125, 15.8125 ], "texture": "#AK47_Redline" },
        "west":  { "uv": [ 7.375, 14.1875, 7.9375, 15.0625 ], "texture": "#AK47_Redline" },
        "east":  { "uv": [ 7.375, 14.1875, 7.9375, 15.0625 ], "texture": "#AK47_Redline" }
    }
},
{
    "from": [ 8.72, 9.48, 9.8 ],
    "to": [ 11.84, 9.84, 9.92 ],
    "faces": {
        "down":  { "uv": [ 9.1875, 10.5, 14.4375, 11.5 ], "texture": "#AK47_Redline" },
        "up":    { "uv": [ 9.1875, 10.5, 14.4375, 11.5 ], "texture": "#AK47_Redline" },
        "north": { "uv": [ 9.125, 9.6875, 14.375, 11.4375 ], "texture": "#AK47_Redline" },
        "south": { "uv": [ 9.125, 9.6875, 14.375, 11.4375 ], "texture": "#AK47_Redline" },
        "west":  { "uv": [ 9.3125, 11.1875, 10.3125, 12.9375 ], "texture": "#AK47_Redline" },
        "east":  { "uv": [ 9.3125, 11.1875, 10.3125, 12.9375 ], "texture": "#AK47_Redline" }
    }
},
{
    "from": [ 9.8, 9.12, 9.8 ],
    "to": [ 10.88, 9.48, 9.92 ],
    "faces": {
        "down":  { "uv": [ 9.1875, 10.5, 14.4375, 11.5 ], "texture": "#AK47_Redline" },
        "up":    { "uv": [ 9.1875, 10.5, 14.4375, 11.5 ], "texture": "#AK47_Redline" },
        "north": { "uv": [ 9.125, 9.6875, 14.375, 11.4375 ], "texture": "#AK47_Redline" },
        "south": { "uv": [ 9.125, 9.6875, 14.375, 11.4375 ], "texture": "#AK47_Redline" },
        "west":  { "uv": [ 9.3125, 11.1875, 10.3125, 12.9375 ], "texture": "#AK47_Redline" },
        "east":  { "uv": [ 9.3125, 11.1875, 10.3125, 12.9375 ], "texture": "#AK47_Redline" }
    }
},
{
    "from": [ 8.72, 9, 9.8 ],
    "to": [ 10.04, 9.24, 9.92 ],
    "faces": {
        "down":  { "uv": [ 9.1875, 10.5, 14.4375, 11.5 ], "texture": "#AK47_Redline" },
        "up":    { "uv": [ 9.1875, 10.5, 14.4375, 11.5 ], "texture": "#AK47_Redline" },
        "north": { "uv": [ 9.125, 9.6875, 14.375, 11.4375 ], "texture": "#AK47_Redline" },
        "south": { "uv": [ 9.125, 9.6875, 14.375, 11.4375 ], "texture": "#AK47_Redline" },
        "west":  { "uv": [ 9.3125, 11.1875, 10.3125, 12.9375 ], "texture": "#AK47_Redline" },
        "east":  { "uv": [ 9.3125, 11.1875, 10.3125, 12.9375 ], "texture": "#AK47_Redline" }
    }
},
{
    "from": [ 8.72, 9, 9.8 ],
    "to": [ 8.84, 9.84, 9.92 ],
    "faces": {
        "down":  { "uv": [ 9.1875, 10.5, 14.4375, 11.5 ], "texture": "#AK47_Redline" },
        "up":    { "uv": [ 9.1875, 10.5, 14.4375, 11.5 ], "texture": "#AK47_Redline" },
        "north": { "uv": [ 9.125, 9.6875, 14.375, 11.4375 ], "texture": "#AK47_Redline" },
        "south": { "uv": [ 9.125, 9.6875, 14.375, 11.4375 ], "texture": "#AK47_Redline" },
        "west":  { "uv": [ 9.3125, 11.1875, 10.3125, 12.9375 ], "texture": "#AK47_Redline" },
        "east":  { "uv": [ 9.3125, 11.1875, 10.3125, 12.9375 ], "texture": "#AK47_Redline" }
    }
},
{
    "from": [ 8.72, 9.24, 9.8 ],
    "to": [ 9.32, 9.6, 9.92 ],
    "faces": {
        "down":  { "uv": [ 9.1875, 10.5, 14.4375, 11.5 ], "texture": "#AK47_Redline" },
        "up":    { "uv": [ 9.1875, 10.5, 14.4375, 11.5 ], "texture": "#AK47_Redline" },
        "north": { "uv": [ 9.125, 9.6875, 14.375, 11.4375 ], "texture": "#AK47_Redline" },
        "south": { "uv": [ 9.125, 9.6875, 14.375, 11.4375 ], "texture": "#AK47_Redline" },
        "west":  { "uv": [ 9.3125, 11.1875, 10.3125, 12.9375 ], "texture": "#AK47_Redline" },
        "east":  { "uv": [ 9.3125, 11.1875, 10.3125, 12.9375 ], "texture": "#AK47_Redline" }
    }
},
{
    "from": [ 9.8, 8.88, 9.8 ],
    "to": [ 10.88, 9, 9.92 ],
    "faces": {
        "down":  { "uv": [ 9.1875, 10.5, 14.4375, 11.5 ], "texture": "#AK47_Redline" },
        "up":    { "uv": [ 9.1875, 10.5, 14.4375, 11.5 ], "texture": "#AK47_Redline" },
        "north": { "uv": [ 9.125, 9.6875, 14.375, 11.4375 ], "texture": "#AK47_Redline" },
        "south": { "uv": [ 9.125, 9.6875, 14.375, 11.4375 ], "texture": "#AK47_Redline" },
        "west":  { "uv": [ 9.3125, 11.1875, 10.3125, 12.9375 ], "texture": "#AK47_Redline" },
        "east":  { "uv": [ 9.3125, 11.1875, 10.3125, 12.9375 ], "texture": "#AK47_Redline" }
    }
},
{
    "from": [ 6.08, 9.96, 9.8 ],
    "to": [ 13.64, 10.08, 9.92 ],
    "faces": {
        "down":  { "uv": [ 9.1875, 10.5, 14.4375, 11.5 ], "texture": "#AK47_Redline" },
        "up":    { "uv": [ 9.6875, 10.875, 14.9375, 11.875 ], "texture": "#AK47_Redline" },
        "north": { "uv": [ 7.5625, 5.25, 13.3125, 5.4375 ], "texture": "#AK47_Redline" },
        "south": { "uv": [ 7.5625, 5.25, 13.3125, 5.4375 ], "texture": "#AK47_Redline" },
        "west":  { "uv": [ 9.3125, 11.1875, 10.3125, 12.9375 ], "texture": "#AK47_Redline" },
        "east":  { "uv": [ 9.3125, 11.1875, 10.3125, 12.9375 ], "texture": "#AK47_Redline" }
    }
},
{
    "from": [ 6.08, 9.96, 8 ],
    "to": [ 13.64, 10.08, 8.12 ],
    "faces": {
        "down":  { "uv": [ 9.1875, 10.5, 14.4375, 11.5 ], "texture": "#AK47_Redline" },
        "up":    { "uv": [ 9.6875, 10.875, 14.9375, 11.875 ], "texture": "#AK47_Redline" },
        "north": { "uv": [ 13.3125, 5.25, 7.5625, 5.4375 ], "texture": "#AK47_Redline" },
        "south": { "uv": [ 7.5625, 5.25, 13.3125, 5.4375 ], "texture": "#AK47_Redline" },
        "west":  { "uv": [ 9.3125, 11.1875, 10.3125, 12.9375 ], "texture": "#AK47_Redline" },
        "east":  { "uv": [ 9.3125, 11.1875, 10.3125, 12.9375 ], "texture": "#AK47_Redline" }
    }
},
{
    "from": [ 13.52, 11.04, 8.72 ],
    "to": [ 14.36, 11.28, 9.08 ],
    "faces": {
        "down":  { "uv": [ 11.3125, 9.625, 12.6875, 11.75 ], "texture": "#AK47_Redline" },
        "up":    { "uv": [ 11.3125, 9.625, 12.6875, 11.75 ], "texture": "#AK47_Redline" },
        "north": { "uv": [ 11.25, 10.5, 12.875, 12.4375 ], "texture": "#AK47_Redline" },
        "south": { "uv": [ 11.25, 10.5, 12.875, 12.4375 ], "texture": "#AK47_Redline" },
        "west":  { "uv": [ 13.875, 10.5625, 14.875, 12.3125 ], "texture": "#AK47_Redline" },
        "east":  { "uv": [ 13.875, 10.5625, 14.875, 12.3125 ], "texture": "#AK47_Redline" }
    }
},
{
    "from": [ 3.08, 11.52, 8.36 ],
    "to": [ 3.32, 11.76, 8.84 ],
    "faces": {
        "down":  { "uv": [ 9.0625, 9.9375, 14.3125, 10.9375 ], "texture": "#AK47_Redline" },
        "up":    { "uv": [ 9.0625, 9.9375, 14.3125, 10.9375 ], "texture": "#AK47_Redline" },
        "north": { "uv": [ 8.75, 10.25, 14, 12 ], "texture": "#AK47_Redline" },
        "south": { "uv": [ 8.75, 10.25, 14, 12 ], "texture": "#AK47_Redline" },
        "west":  { "uv": [ 8.75, 9.4375, 9.75, 11.1875 ], "texture": "#AK47_Redline" },
        "east":  { "uv": [ 8.75, 9.4375, 9.75, 11.1875 ], "texture": "#AK47_Redline" }
    }
},
{
    "from": [ 3.5888, 11.5392, 9.08 ],
    "to": [ 3.8288, 11.6592, 9.44 ],
    "faces": {
        "down":  { "uv": [ 9.0625, 9.9375, 14.3125, 10.9375 ], "texture": "#AK47_Redline" },
        "up":    { "uv": [ 9.0625, 9.9375, 14.3125, 10.9375 ], "texture": "#AK47_Redline" },
        "north": { "uv": [ 8.75, 10.25, 14, 12 ], "texture": "#AK47_Redline" },
        "south": { "uv": [ 8.75, 10.25, 14, 12 ], "texture": "#AK47_Redline" },
        "west":  { "uv": [ 8.75, 9.4375, 9.75, 11.1875 ], "texture": "#AK47_Redline" },
        "east":  { "uv": [ 8.75, 9.4375, 9.75, 11.1875 ], "texture": "#AK47_Redline" }
    }
},
{
    "from": [ 3.08, 11.52, 9.08 ],
    "to": [ 3.32, 11.76, 9.56 ],
    "faces": {
        "down":  { "uv": [ 9.0625, 9.9375, 14.3125, 10.9375 ], "texture": "#AK47_Redline" },
        "up":    { "uv": [ 9.0625, 9.9375, 14.3125, 10.9375 ], "texture": "#AK47_Redline" },
        "north": { "uv": [ 8.75, 10.25, 14, 12 ], "texture": "#AK47_Redline" },
        "south": { "uv": [ 8.75, 10.25, 14, 12 ], "texture": "#AK47_Redline" },
        "west":  { "uv": [ 8.75, 9.4375, 9.75, 11.1875 ], "texture": "#AK47_Redline" },
        "east":  { "uv": [ 8.75, 9.4375, 9.75, 11.1875 ], "texture": "#AK47_Redline" }
    }
},
{
    "from": [ 0.92, 11.52, 9.08 ],
    "to": [ 1.16, 11.76, 9.56 ],
    "faces": {
        "down":  { "uv": [ 9.0625, 9.9375, 14.3125, 10.9375 ], "texture": "#AK47_Redline" },
        "up":    { "uv": [ 9.0625, 9.9375, 14.3125, 10.9375 ], "texture": "#AK47_Redline" },
        "north": { "uv": [ 8.75, 10.25, 14, 12 ], "texture": "#AK47_Redline" },
        "south": { "uv": [ 8.75, 10.25, 14, 12 ], "texture": "#AK47_Redline" },
        "west":  { "uv": [ 8.75, 9.4375, 9.75, 11.1875 ], "texture": "#AK47_Redline" },
        "east":  { "uv": [ 8.75, 9.4375, 9.75, 11.1875 ], "texture": "#AK47_Redline" }
    }
},
{
    "from": [ 0.92, 11.52, 8.36 ],
    "to": [ 1.16, 11.76, 8.84 ],
    "faces": {
        "down":  { "uv": [ 9.0625, 9.9375, 14.3125, 10.9375 ], "texture": "#AK47_Redline" },
        "up":    { "uv": [ 9.0625, 9.9375, 14.3125, 10.9375 ], "texture": "#AK47_Redline" },
        "north": { "uv": [ 8.75, 10.25, 14, 12 ], "texture": "#AK47_Redline" },
        "south": { "uv": [ 8.75, 10.25, 14, 12 ], "texture": "#AK47_Redline" },
        "west":  { "uv": [ 8.75, 9.4375, 9.75, 11.1875 ], "texture": "#AK47_Redline" },
        "east":  { "uv": [ 8.75, 9.4375, 9.75, 11.1875 ], "texture": "#AK47_Redline" }
    }
},
{
    "from": [ 0.8, 11.5728, 8.48 ],
    "to": [ 3.68, 11.6928, 9.44 ],
    "faces": {
        "down":  { "uv": [ 9.0625, 9.9375, 14.3125, 10.9375 ], "texture": "#AK47_Redline" },
        "up":    { "uv": [ 9.0625, 9.9375, 14.3125, 10.9375 ], "texture": "#AK47_Redline" },
        "north": { "uv": [ 8.75, 10.25, 14, 12 ], "texture": "#AK47_Redline" },
        "south": { "uv": [ 8.75, 10.25, 14, 12 ], "texture": "#AK47_Redline" },
        "west":  { "uv": [ 8.75, 9.4375, 9.75, 11.1875 ], "texture": "#AK47_Redline" },
        "east":  { "uv": [ 8.75, 9.4375, 9.75, 11.1875 ], "texture": "#AK47_Redline" }
    }
},
{
    "from": [ 3.5792, 11.5392, 8.48 ],
    "to": [ 3.8192, 11.6592, 8.84 ],
    "faces": {
        "down":  { "uv": [ 9.0625, 9.9375, 14.3125, 10.9375 ], "texture": "#AK47_Redline" },
        "up":    { "uv": [ 9.0625, 9.9375, 14.3125, 10.9375 ], "texture": "#AK47_Redline" },
        "north": { "uv": [ 8.75, 10.25, 14, 12 ], "texture": "#AK47_Redline" },
        "south": { "uv": [ 8.75, 10.25, 14, 12 ], "texture": "#AK47_Redline" },
        "west":  { "uv": [ 8.75, 9.4375, 9.75, 11.1875 ], "texture": "#AK47_Redline" },
        "east":  { "uv": [ 8.75, 9.4375, 9.75, 11.1875 ], "texture": "#AK47_Redline" }
    }
},
{
    "from": [ -4.84, 10.44, 8.48 ],
    "to": [ -4.48, 11.28, 9.44 ],
    "faces": {
        "down":  { "uv": [ 7.4375, 14.375, 7.6875, 15.0625 ], "texture": "#AK47_Redline" },
        "up":    { "uv": [ 7.4375, 14.375, 7.6875, 15.0625 ], "texture": "#AK47_Redline" },
        "north": { "uv": [ 7.5625, 14.0625, 7.6875, 15.5625 ], "texture": "#AK47_Redline" },
        "south": { "uv": [ 7.5625, 14.0625, 7.6875, 15.5625 ], "texture": "#AK47_Redline" },
        "west":  { "uv": [ 7.625, 14.25, 7.8125, 15.3125 ], "texture": "#AK47_Redline" },
        "east":  { "uv": [ 7.625, 14.25, 7.8125, 15.3125 ], "texture": "#AK47_Redline" }
    }
}
],
"display": {
    "thirdperson_righthand": {
        "rotation": [ 0, -90, 0 ],
        "translation": [ 0, -0.94, 0 ],
        "scale": [ 0.5, 0.5, 0.5 ]
    },
    "firstperson_righthand": {
        "rotation": [ 0, -74, -4 ],
        "translation": [ 3.97, -1.89, 0 ],
        "scale": [ 1, 1, 1 ]
    }
}
}