{
"__comment": "Designed by Mayomi9 with BDcraft Cubik PRO 0.96 Beta - http://bdcraft.net",
"textures": {
    "texture": "items/MP7"
},
"elements": [ 
{
    "from": [ 6.5, 3.375, 7.75 ],
    "to": [ 7.9375, 3.625, 8.5 ],
    "faces": {
        "down":  { "uv": [ 9.5, 8.5, 8.0625, 7.75 ], "texture": "#texture" },
        "up":    { "uv": [ 6.5, 7.75, 7.9375, 8.5 ], "texture": "#texture" },
        "north": { "uv": [ 8.0625, 12.375, 9.5, 12.625 ], "texture": "#texture" },
        "south": { "uv": [ 6.5, 12.375, 7.9375, 12.625 ], "texture": "#texture" },
        "west":  { "uv": [ 7.75, 12.375, 8.5, 12.625 ], "texture": "#texture" },
        "east":  { "uv": [ 7.5, 12.375, 8.25, 12.625 ], "texture": "#texture" }
    }
},
{
    "from": [ 7, 5.625, 7.75 ],
    "to": [ 7.25, 6.5, 8.5 ],
    "faces": {
        "down":  { "uv": [ 9, 8.5, 8.75, 7.75 ], "texture": "#texture" },
        "up":    { "uv": [ 7, 7.75, 7.25, 8.5 ], "texture": "#texture" },
        "north": { "uv": [ 8.75, 9.5, 9, 10.375 ], "texture": "#texture" },
        "south": { "uv": [ 7, 9.5, 7.25, 10.375 ], "texture": "#texture" },
        "west":  { "uv": [ 7.75, 9.5, 8.5, 10.375 ], "texture": "#texture" },
        "east":  { "uv": [ 7.5, 9.5, 8.25, 10.375 ], "texture": "#texture" }
    }
},
{
    "from": [ 7, 3.1875, 7.75 ],
    "to": [ 7.25, 5.6875, 8.5 ],
    "faces": {
        "down":  { "uv": [ 9, 8.5, 8.75, 7.75 ], "texture": "#texture" },
        "up":    { "uv": [ 7, 7.75, 7.25, 8.5 ], "texture": "#texture" },
        "north": { "uv": [ 8.75, 10.3125, 9, 12.8125 ], "texture": "#texture" },
        "south": { "uv": [ 7, 10.3125, 7.25, 12.8125 ], "texture": "#texture" },
        "west":  { "uv": [ 7.75, 10.3125, 8.5, 12.8125 ], "texture": "#texture" },
        "east":  { "uv": [ 7.5, 10.3125, 8.25, 12.8125 ], "texture": "#texture" }
    }
},
{
    "from": [ 5.875, 5.625, 7.75 ],
    "to": [ 6.125, 6.5, 8.5 ],
    "faces": {
        "down":  { "uv": [ 10.125, 8.5, 9.875, 7.75 ], "texture": "#texture" },
        "up":    { "uv": [ 5.875, 7.75, 6.125, 8.5 ], "texture": "#texture" },
        "north": { "uv": [ 9.875, 9.5, 10.125, 10.375 ], "texture": "#texture" },
        "south": { "uv": [ 5.875, 9.5, 6.125, 10.375 ], "texture": "#texture" },
        "west":  { "uv": [ 7.75, 9.5, 8.5, 10.375 ], "texture": "#texture" },
        "east":  { "uv": [ 7.5, 9.5, 8.25, 10.375 ], "texture": "#texture" }
    }
},
{
    "from": [ 5.875, 4.875, 7.75 ],
    "to": [ 6.125, 5.75, 8.5 ],
    "faces": {
        "down":  { "uv": [ 10.125, 8.5, 9.875, 7.75 ], "texture": "#texture" },
        "up":    { "uv": [ 5.875, 7.75, 6.125, 8.5 ], "texture": "#texture" },
        "north": { "uv": [ 9.875, 10.25, 10.125, 11.125 ], "texture": "#texture" },
        "south": { "uv": [ 5.875, 10.25, 6.125, 11.125 ], "texture": "#texture" },
        "west":  { "uv": [ 7.75, 10.25, 8.5, 11.125 ], "texture": "#texture" },
        "east":  { "uv": [ 7.5, 10.25, 8.25, 11.125 ], "texture": "#texture" }
    }
},
{
    "from": [ 5.875, 3.25, 7.75 ],
    "to": [ 6.125, 5, 8.5 ],
    "faces": {
        "down":  { "uv": [ 10.125, 8.5, 9.875, 7.75 ], "texture": "#texture" },
        "up":    { "uv": [ 5.875, 7.75, 6.125, 8.5 ], "texture": "#texture" },
        "north": { "uv": [ 9.875, 11, 10.125, 12.75 ], "texture": "#texture" },
        "south": { "uv": [ 5.875, 11, 6.125, 12.75 ], "texture": "#texture" },
        "west":  { "uv": [ 7.75, 11, 8.5, 12.75 ], "texture": "#texture" },
        "east":  { "uv": [ 7.5, 11, 8.25, 12.75 ], "texture": "#texture" }
    }
},
{
    "from": [ 6, 5, 7.75 ],
    "to": [ 7.125, 6.5, 8.5 ],
    "faces": {
        "down":  { "uv": [ 10, 8.5, 8.875, 7.75 ], "texture": "#texture" },
        "up":    { "uv": [ 6, 7.75, 7.125, 8.5 ], "texture": "#texture" },
        "north": { "uv": [ 8.875, 9.5, 10, 11 ], "texture": "#texture" },
        "south": { "uv": [ 6, 9.5, 7.125, 11 ], "texture": "#texture" },
        "west":  { "uv": [ 7.75, 9.5, 8.5, 11 ], "texture": "#texture" },
        "east":  { "uv": [ 7.5, 9.5, 8.25, 11 ], "texture": "#texture" }
    }
},
{
    "from": [ 6.125, 4.5, 7.75 ],
    "to": [ 7.375, 5.375, 8.5 ],
    "faces": {
        "down":  { "uv": [ 9.875, 8.5, 8.625, 7.75 ], "texture": "#texture" },
        "up":    { "uv": [ 6.125, 7.75, 7.375, 8.5 ], "texture": "#texture" },
        "north": { "uv": [ 8.625, 10.625, 9.875, 11.5 ], "texture": "#texture" },
        "south": { "uv": [ 6.125, 10.625, 7.375, 11.5 ], "texture": "#texture" },
        "west":  { "uv": [ 7.75, 10.625, 8.5, 11.5 ], "texture": "#texture" },
        "east":  { "uv": [ 7.5, 10.625, 8.25, 11.5 ], "texture": "#texture" }
    }
},
{
    "from": [ 7.375, 3.5, 7.75 ],
    "to": [ 7.875, 4.125, 8.5 ],
    "faces": {
        "down":  { "uv": [ 8.625, 8.5, 8.125, 7.75 ], "texture": "#texture" },
        "up":    { "uv": [ 7.375, 7.75, 7.875, 8.5 ], "texture": "#texture" },
        "north": { "uv": [ 8.125, 11.875, 8.625, 12.5 ], "texture": "#texture" },
        "south": { "uv": [ 7.375, 11.875, 7.875, 12.5 ], "texture": "#texture" },
        "west":  { "uv": [ 7.75, 11.875, 8.5, 12.5 ], "texture": "#texture" },
        "east":  { "uv": [ 7.5, 11.875, 8.25, 12.5 ], "texture": "#texture" }
    }
},
{
    "from": [ 6.375, 3.75, 7.75 ],
    "to": [ 6.875, 4.625, 8.5 ],
    "faces": {
        "down":  { "uv": [ 9.625, 8.5, 9.125, 7.75 ], "texture": "#texture" },
        "up":    { "uv": [ 6.375, 7.75, 6.875, 8.5 ], "texture": "#texture" },
        "north": { "uv": [ 9.125, 11.375, 9.625, 12.25 ], "texture": "#texture" },
        "south": { "uv": [ 6.375, 11.375, 6.875, 12.25 ], "texture": "#texture" },
        "west":  { "uv": [ 7.75, 11.375, 8.5, 12.25 ], "texture": "#texture" },
        "east":  { "uv": [ 7.5, 11.375, 8.25, 12.25 ], "texture": "#texture" }
    }
},
{
    "from": [ 6.625, 3.5, 7.75 ],
    "to": [ 7.5, 4.5, 8.5 ],
    "faces": {
        "down":  { "uv": [ 9.375, 8.5, 8.5, 7.75 ], "texture": "#texture" },
        "up":    { "uv": [ 6.625, 7.75, 7.5, 8.5 ], "texture": "#texture" },
        "north": { "uv": [ 8.5, 11.5, 9.375, 12.5 ], "texture": "#texture" },
        "south": { "uv": [ 6.625, 11.5, 7.5, 12.5 ], "texture": "#texture" },
        "west":  { "uv": [ 7.75, 11.5, 8.5, 12.5 ], "texture": "#texture" },
        "east":  { "uv": [ 7.5, 11.5, 8.25, 12.5 ], "texture": "#texture" }
    }
},
{
    "from": [ 7.125, 4.125, 7.75 ],
    "to": [ 7.625, 4.625, 8.5 ],
    "faces": {
        "down":  { "uv": [ 8.875, 8.5, 8.375, 7.75 ], "texture": "#texture" },
        "up":    { "uv": [ 7.125, 7.75, 7.625, 8.5 ], "texture": "#texture" },
        "north": { "uv": [ 8.375, 11.375, 8.875, 11.875 ], "texture": "#texture" },
        "south": { "uv": [ 7.125, 11.375, 7.625, 11.875 ], "texture": "#texture" },
        "west":  { "uv": [ 7.75, 11.375, 8.5, 11.875 ], "texture": "#texture" },
        "east":  { "uv": [ 7.5, 11.375, 8.25, 11.875 ], "texture": "#texture" }
    }
},
{
    "from": [ 5.3125, 8.625, 7.75 ],
    "to": [ 5.5625, 9.125, 8.5 ],
    "faces": {
        "down":  { "uv": [ 10.6875, 8.5, 10.4375, 7.75 ], "texture": "#texture" },
        "up":    { "uv": [ 5.3125, 7.75, 5.5625, 8.5 ], "texture": "#texture" },
        "north": { "uv": [ 10.4375, 6.875, 10.6875, 7.375 ], "texture": "#texture" },
        "south": { "uv": [ 5.3125, 6.875, 5.5625, 7.375 ], "texture": "#texture" },
        "west":  { "uv": [ 7.75, 6.875, 8.5, 7.375 ], "texture": "#texture" },
        "east":  { "uv": [ 7.5, 6.875, 8.25, 7.375 ], "texture": "#texture" }
    }
},
{
    "from": [ 5.625, 8.5, 7.75 ],
    "to": [ 5.875, 9, 8.5 ],
    "faces": {
        "down":  { "uv": [ 10.375, 8.5, 10.125, 7.75 ], "texture": "#texture" },
        "up":    { "uv": [ 5.625, 7.75, 5.875, 8.5 ], "texture": "#texture" },
        "north": { "uv": [ 10.125, 7, 10.375, 7.5 ], "texture": "#texture" },
        "south": { "uv": [ 5.625, 7, 5.875, 7.5 ], "texture": "#texture" },
        "west":  { "uv": [ 7.75, 7, 8.5, 7.5 ], "texture": "#texture" },
        "east":  { "uv": [ 7.5, 7, 8.25, 7.5 ], "texture": "#texture" }
    }
},
{
    "from": [ 5.4375, 6.6875, 7.75 ],
    "to": [ 7.0625, 8.5625, 8.5 ],
    "faces": {
        "down":  { "uv": [ 10.5625, 8.5, 8.9375, 7.75 ], "texture": "#texture" },
        "up":    { "uv": [ 5.4375, 7.75, 7.0625, 8.5 ], "texture": "#texture" },
        "north": { "uv": [ 8.9375, 7.4375, 10.5625, 9.3125 ], "texture": "#texture" },
        "south": { "uv": [ 5.4375, 7.4375, 7.0625, 9.3125 ], "texture": "#texture" },
        "west":  { "uv": [ 7.75, 7.4375, 8.5, 9.3125 ], "texture": "#texture" },
        "east":  { "uv": [ 7.5, 7.4375, 8.25, 9.3125 ], "texture": "#texture" }
    }
},
{
    "from": [ 5.5, 6.625, 7.75 ],
    "to": [ 6.125, 6.875, 8.5 ],
    "faces": {
        "down":  { "uv": [ 10.5, 8.5, 9.875, 7.75 ], "texture": "#texture" },
        "up":    { "uv": [ 5.5, 7.75, 6.125, 8.5 ], "texture": "#texture" },
        "north": { "uv": [ 9.875, 9.125, 10.5, 9.375 ], "texture": "#texture" },
        "south": { "uv": [ 5.5, 9.125, 6.125, 9.375 ], "texture": "#texture" },
        "west":  { "uv": [ 7.75, 9.125, 8.5, 9.375 ], "texture": "#texture" },
        "east":  { "uv": [ 7.5, 9.125, 8.25, 9.375 ], "texture": "#texture" }
    }
},
{
    "from": [ 7, 7, 7.75 ],
    "to": [ 7.25, 8.5, 8.5 ],
    "faces": {
        "down":  { "uv": [ 9, 8.5, 8.75, 7.75 ], "texture": "#texture" },
        "up":    { "uv": [ 7, 7.75, 7.25, 8.5 ], "texture": "#texture" },
        "north": { "uv": [ 8.75, 7.5, 9, 9 ], "texture": "#texture" },
        "south": { "uv": [ 7, 7.5, 7.25, 9 ], "texture": "#texture" },
        "west":  { "uv": [ 7.75, 7.5, 8.5, 9 ], "texture": "#texture" },
        "east":  { "uv": [ 7.5, 7.5, 8.25, 9 ], "texture": "#texture" }
    }
},
{
    "from": [ 7, 6.375, 7.75 ],
    "to": [ 7.25, 7, 8.5 ],
    "faces": {
        "down":  { "uv": [ 9, 8.5, 8.75, 7.75 ], "texture": "#texture" },
        "up":    { "uv": [ 7, 7.75, 7.25, 8.5 ], "texture": "#texture" },
        "north": { "uv": [ 8.75, 9, 9, 9.625 ], "texture": "#texture" },
        "south": { "uv": [ 7, 9, 7.25, 9.625 ], "texture": "#texture" },
        "west":  { "uv": [ 7.75, 9, 8.5, 9.625 ], "texture": "#texture" },
        "east":  { "uv": [ 7.5, 9, 8.25, 9.625 ], "texture": "#texture" }
    }
},
{
    "from": [ 6, 6.375, 7.75 ],
    "to": [ 7.25, 6.625, 8.5 ],
    "faces": {
        "down":  { "uv": [ 10, 8.5, 8.75, 7.75 ], "texture": "#texture" },
        "up":    { "uv": [ 6, 7.75, 7.25, 8.5 ], "texture": "#texture" },
        "north": { "uv": [ 8.75, 9.375, 10, 9.625 ], "texture": "#texture" },
        "south": { "uv": [ 6, 9.375, 7.25, 9.625 ], "texture": "#texture" },
        "west":  { "uv": [ 7.75, 9.375, 8.5, 9.625 ], "texture": "#texture" },
        "east":  { "uv": [ 7.5, 9.375, 8.25, 9.625 ], "texture": "#texture" }
    }
},
{
    "from": [ 5.875, 6.375, 7.75 ],
    "to": [ 7.125, 6.875, 8.5 ],
    "faces": {
        "down":  { "uv": [ 10.125, 8.5, 8.875, 7.75 ], "texture": "#texture" },
        "up":    { "uv": [ 5.875, 7.75, 7.125, 8.5 ], "texture": "#texture" },
        "north": { "uv": [ 8.875, 9.125, 10.125, 9.625 ], "texture": "#texture" },
        "south": { "uv": [ 5.875, 9.125, 7.125, 9.625 ], "texture": "#texture" },
        "west":  { "uv": [ 7.75, 9.125, 8.5, 9.625 ], "texture": "#texture" },
        "east":  { "uv": [ 7.5, 9.125, 8.25, 9.625 ], "texture": "#texture" }
    }
},
{
    "from": [ 7.5, 8.25, 7.75 ],
    "to": [ 7.625, 8.75, 8.5 ],
    "faces": {
        "down":  { "uv": [ 8.5, 8.5, 8.375, 7.75 ], "texture": "#texture" },
        "up":    { "uv": [ 7.5, 7.75, 7.625, 8.5 ], "texture": "#texture" },
        "north": { "uv": [ 8.375, 7.25, 8.5, 7.75 ], "texture": "#texture" },
        "south": { "uv": [ 7.5, 7.25, 7.625, 7.75 ], "texture": "#texture" },
        "west":  { "uv": [ 7.75, 7.25, 8.5, 7.75 ], "texture": "#texture" },
        "east":  { "uv": [ 7.5, 7.25, 8.25, 7.75 ], "texture": "#texture" }
    }
},
{
    "from": [ 7.5, 8.6875, 7.75 ],
    "to": [ 8.5, 8.8125, 8.5 ],
    "faces": {
        "down":  { "uv": [ 8.5, 8.5, 7.5, 7.75 ], "texture": "#texture" },
        "up":    { "uv": [ 7.5, 7.75, 8.5, 8.5 ], "texture": "#texture" },
        "north": { "uv": [ 7.5, 7.1875, 8.5, 7.3125 ], "texture": "#texture" },
        "south": { "uv": [ 7.5, 7.1875, 8.5, 7.3125 ], "texture": "#texture" },
        "west":  { "uv": [ 7.75, 7.1875, 8.5, 7.3125 ], "texture": "#texture" },
        "east":  { "uv": [ 7.5, 7.1875, 8.25, 7.3125 ], "texture": "#texture" }
    }
},
{
    "from": [ 8.4375, 8.6875, 7.75 ],
    "to": [ 8.9375, 8.8125, 8.5 ],
    "faces": {
        "down":  { "uv": [ 7.5625, 8.5, 7.0625, 7.75 ], "texture": "#texture" },
        "up":    { "uv": [ 8.4375, 7.75, 8.9375, 8.5 ], "texture": "#texture" },
        "north": { "uv": [ 7.0625, 7.1875, 7.5625, 7.3125 ], "texture": "#texture" },
        "south": { "uv": [ 8.4375, 7.1875, 8.9375, 7.3125 ], "texture": "#texture" },
        "west":  { "uv": [ 7.75, 7.1875, 8.5, 7.3125 ], "texture": "#texture" },
        "east":  { "uv": [ 7.5, 7.1875, 8.25, 7.3125 ], "texture": "#texture" }
    }
},
{
    "from": [ 8.875, 9, 7.75 ],
    "to": [ 9, 10, 8.5 ],
    "faces": {
        "down":  { "uv": [ 7.125, 8.5, 7, 7.75 ], "texture": "#texture" },
        "up":    { "uv": [ 8.875, 7.75, 9, 8.5 ], "texture": "#texture" },
        "north": { "uv": [ 7, 6, 7.125, 7 ], "texture": "#texture" },
        "south": { "uv": [ 8.875, 6, 9, 7 ], "texture": "#texture" },
        "west":  { "uv": [ 7.75, 6, 8.5, 7 ], "texture": "#texture" },
        "east":  { "uv": [ 7.5, 6, 8.25, 7 ], "texture": "#texture" }
    }
},
{
    "from": [ 5.5, 9, 7.75 ],
    "to": [ 7.125, 9.375, 8.5 ],
    "faces": {
        "down":  { "uv": [ 10.5, 8.5, 8.875, 7.75 ], "texture": "#texture" },
        "up":    { "uv": [ 5.5, 7.75, 7.125, 8.5 ], "texture": "#texture" },
        "north": { "uv": [ 8.875, 6.625, 10.5, 7 ], "texture": "#texture" },
        "south": { "uv": [ 5.5, 6.625, 7.125, 7 ], "texture": "#texture" },
        "west":  { "uv": [ 7.75, 6.625, 8.5, 7 ], "texture": "#texture" },
        "east":  { "uv": [ 7.5, 6.625, 8.25, 7 ], "texture": "#texture" }
    }
},
{
    "from": [ 5.625, 8.375, 7.75 ],
    "to": [ 7.25, 9.125, 8.5 ],
    "faces": {
        "down":  { "uv": [ 10.375, 8.5, 8.75, 7.75 ], "texture": "#texture" },
        "up":    { "uv": [ 5.625, 7.75, 7.25, 8.5 ], "texture": "#texture" },
        "north": { "uv": [ 8.75, 6.875, 10.375, 7.625 ], "texture": "#texture" },
        "south": { "uv": [ 5.625, 6.875, 7.25, 7.625 ], "texture": "#texture" },
        "west":  { "uv": [ 7.75, 6.875, 8.5, 7.625 ], "texture": "#texture" },
        "east":  { "uv": [ 7.5, 6.875, 8.25, 7.625 ], "texture": "#texture" }
    }
},
{
    "from": [ 7.25, 9.125, 7.75 ],
    "to": [ 7.375, 9.625, 8.5 ],
    "faces": {
        "down":  { "uv": [ 8.75, 8.5, 8.625, 7.75 ], "texture": "#texture" },
        "up":    { "uv": [ 7.25, 7.75, 7.375, 8.5 ], "texture": "#texture" },
        "north": { "uv": [ 8.625, 6.375, 8.75, 6.875 ], "texture": "#texture" },
        "south": { "uv": [ 7.25, 6.375, 7.375, 6.875 ], "texture": "#texture" },
        "west":  { "uv": [ 7.75, 6.375, 8.5, 6.875 ], "texture": "#texture" },
        "east":  { "uv": [ 7.5, 6.375, 8.25, 6.875 ], "texture": "#texture" }
    }
},
{
    "from": [ 7.25, 8.75, 7.75 ],
    "to": [ 7.375, 9.25, 8.5 ],
    "faces": {
        "down":  { "uv": [ 8.75, 8.5, 8.625, 7.75 ], "texture": "#texture" },
        "up":    { "uv": [ 7.25, 7.75, 7.375, 8.5 ], "texture": "#texture" },
        "north": { "uv": [ 8.625, 6.75, 8.75, 7.25 ], "texture": "#texture" },
        "south": { "uv": [ 7.25, 6.75, 7.375, 7.25 ], "texture": "#texture" },
        "west":  { "uv": [ 7.75, 6.75, 8.5, 7.25 ], "texture": "#texture" },
        "east":  { "uv": [ 7.5, 6.75, 8.25, 7.25 ], "texture": "#texture" }
    }
},
{
    "from": [ 2.5, 9.125, 7.5 ],
    "to": [ 7.25, 10, 8.75 ],
    "faces": {
        "down":  { "uv": [ 13.5, 8.75, 8.75, 7.5 ], "texture": "#texture" },
        "up":    { "uv": [ 2.5, 7.5, 7.25, 8.75 ], "texture": "#texture" },
        "north": { "uv": [ 8.75, 6, 13.5, 6.875 ], "texture": "#texture" },
        "south": { "uv": [ 2.5, 6, 7.25, 6.875 ], "texture": "#texture" },
        "west":  { "uv": [ 7.5, 6, 8.75, 6.875 ], "texture": "#texture" },
        "east":  { "uv": [ 7.25, 6, 8.5, 6.875 ], "texture": "#texture" }
    }
},
{
    "from": [ 7, 8.5, 7.75 ],
    "to": [ 7.375, 9.25, 8.5 ],
    "faces": {
        "down":  { "uv": [ 9, 8.5, 8.625, 7.75 ], "texture": "#texture" },
        "up":    { "uv": [ 7, 7.75, 7.375, 8.5 ], "texture": "#texture" },
        "north": { "uv": [ 8.625, 6.75, 9, 7.5 ], "texture": "#texture" },
        "south": { "uv": [ 7, 6.75, 7.375, 7.5 ], "texture": "#texture" },
        "west":  { "uv": [ 7.75, 6.75, 8.5, 7.5 ], "texture": "#texture" },
        "east":  { "uv": [ 7.5, 6.75, 8.25, 7.5 ], "texture": "#texture" }
    }
},
{
    "from": [ 7.25, 8.5, 7.75 ],
    "to": [ 7.5, 8.875, 8.5 ],
    "faces": {
        "down":  { "uv": [ 8.75, 8.5, 8.5, 7.75 ], "texture": "#texture" },
        "up":    { "uv": [ 7.25, 7.75, 7.5, 8.5 ], "texture": "#texture" },
        "north": { "uv": [ 8.5, 7.125, 8.75, 7.5 ], "texture": "#texture" },
        "south": { "uv": [ 7.25, 7.125, 7.5, 7.5 ], "texture": "#texture" },
        "west":  { "uv": [ 7.75, 7.125, 8.5, 7.5 ], "texture": "#texture" },
        "east":  { "uv": [ 7.5, 7.125, 8.25, 7.5 ], "texture": "#texture" }
    }
},
{
    "from": [ 7.125, 9.75, 7.5 ],
    "to": [ 12.75, 10.5, 8.75 ],
    "faces": {
        "down":  { "uv": [ 8.875, 8.75, 3.25, 7.5 ], "texture": "#texture" },
        "up":    { "uv": [ 7.125, 7.5, 12.75, 8.75 ], "texture": "#texture" },
        "north": { "uv": [ 3.25, 5.5, 8.875, 6.25 ], "texture": "#texture" },
        "south": { "uv": [ 7.125, 5.5, 12.75, 6.25 ], "texture": "#texture" },
        "west":  { "uv": [ 7.5, 5.5, 8.75, 6.25 ], "texture": "#texture" },
        "east":  { "uv": [ 7.25, 5.5, 8.5, 6.25 ], "texture": "#texture" }
    }
},
{
    "from": [ 11.5957, 11.375, 7.5 ],
    "to": [ 12.7207, 11.625, 8.75 ],
    "faces": {
        "down":  { "uv": [ 4.40433, 8.75, 3.27933, 7.5 ], "texture": "#texture" },
        "up":    { "uv": [ 11.595700263977051, 7.5, 12.720700263977051, 8.75 ], "texture": "#texture" },
        "north": { "uv": [ 3.2793300151824951, 4.375, 4.404329776763916, 4.625 ], "texture": "#texture" },
        "south": { "uv": [ 11.595700263977051, 4.375, 12.720700263977051, 4.625 ], "texture": "#texture" },
        "west":  { "uv": [ 7.5, 4.375, 8.75, 4.625 ], "texture": "#texture" },
        "east":  { "uv": [ 7.25, 4.375, 8.5, 4.625 ], "texture": "#texture" }
    }
},
{
    "from": [ 12.4375, 10.125, 7.5 ],
    "to": [ 12.6875, 11.125, 8.75 ],
    "faces": {
        "down":  { "uv": [ 3.5625, 8.75, 3.3125, 7.5 ], "texture": "#texture" },
        "up":    { "uv": [ 12.4375, 7.5, 12.6875, 8.75 ], "texture": "#texture" },
        "north": { "uv": [ 3.3125, 4.875, 3.5625, 5.875 ], "texture": "#texture" },
        "south": { "uv": [ 12.4375, 4.875, 12.6875, 5.875 ], "texture": "#texture" },
        "west":  { "uv": [ 7.5, 4.875, 8.75, 5.875 ], "texture": "#texture" },
        "east":  { "uv": [ 7.25, 4.875, 8.5, 5.875 ], "texture": "#texture" }
    }
},
{
    "from": [ 12.75, 9.75, 7.5 ],
    "to": [ 13, 10.375, 8.75 ],
    "faces": {
        "down":  { "uv": [ 3.25, 8.75, 3, 7.5 ], "texture": "#texture" },
        "up":    { "uv": [ 12.75, 7.5, 13, 8.75 ], "texture": "#texture" },
        "north": { "uv": [ 3, 5.625, 3.25, 6.25 ], "texture": "#texture" },
        "south": { "uv": [ 12.75, 5.625, 13, 6.25 ], "texture": "#texture" },
        "west":  { "uv": [ 7.5, 5.625, 8.75, 6.25 ], "texture": "#texture" },
        "east":  { "uv": [ 7.25, 5.625, 8.5, 6.25 ], "texture": "#texture" }
    }
},
{
    "from": [ 3.375, 11.25, 7.5 ],
    "to": [ 11.625, 11.625, 8.75 ],
    "faces": {
        "down":  { "uv": [ 12.625, 8.75, 4.375, 7.5 ], "texture": "#texture" },
        "up":    { "uv": [ 3.375, 7.5, 11.625, 8.75 ], "texture": "#texture" },
        "north": { "uv": [ 4.375, 4.375, 12.625, 4.75 ], "texture": "#texture" },
        "south": { "uv": [ 3.375, 4.375, 11.625, 4.75 ], "texture": "#texture" },
        "west":  { "uv": [ 7.5, 4.375, 8.75, 4.75 ], "texture": "#texture" },
        "east":  { "uv": [ 7.25, 4.375, 8.5, 4.75 ], "texture": "#texture" }
    }
},
{
    "from": [ 11.5, 10.4375, 7.5 ],
    "to": [ 12.375, 11.3125, 8.75 ],
    "faces": {
        "down":  { "uv": [ 4.5, 8.75, 3.625, 7.5 ], "texture": "#texture" },
        "up":    { "uv": [ 11.5, 7.5, 12.375, 8.75 ], "texture": "#texture" },
        "north": { "uv": [ 3.625, 4.6875, 4.5, 5.5625 ], "texture": "#texture" },
        "south": { "uv": [ 11.5, 4.6875, 12.375, 5.5625 ], "texture": "#texture" },
        "west":  { "uv": [ 7.5, 4.6875, 8.75, 5.5625 ], "texture": "#texture" },
        "east":  { "uv": [ 7.25, 4.6875, 8.5, 5.5625 ], "texture": "#texture" }
    }
},
{
    "from": [ 12.375, 10.5, 7.5 ],
    "to": [ 12.75, 11, 8.75 ],
    "faces": {
        "down":  { "uv": [ 3.625, 8.75, 3.25, 7.5 ], "texture": "#texture" },
        "up":    { "uv": [ 12.375, 7.5, 12.75, 8.75 ], "texture": "#texture" },
        "north": { "uv": [ 3.25, 5, 3.625, 5.5 ], "texture": "#texture" },
        "south": { "uv": [ 12.375, 5, 12.75, 5.5 ], "texture": "#texture" },
        "west":  { "uv": [ 7.5, 5, 8.75, 5.5 ], "texture": "#texture" },
        "east":  { "uv": [ 7.25, 5, 8.5, 5.5 ], "texture": "#texture" }
    }
},
{
    "from": [ 2.625, 7.5, 7.5625 ],
    "to": [ 3, 9.375, 8.625 ],
    "faces": {
        "down":  { "uv": [ 13.375, 8.625, 13, 7.5625 ], "texture": "#texture" },
        "up":    { "uv": [ 2.625, 7.5625, 3, 8.625 ], "texture": "#texture" },
        "north": { "uv": [ 13, 6.625, 13.375, 8.5 ], "texture": "#texture" },
        "south": { "uv": [ 2.625, 6.625, 3, 8.5 ], "texture": "#texture" },
        "west":  { "uv": [ 7.5625, 6.625, 8.625, 8.5 ], "texture": "#texture" },
        "east":  { "uv": [ 7.375, 6.625, 8.4375, 8.5 ], "texture": "#texture" }
    }
},
{
    "from": [ 1.625, 7.5, 7.5625 ],
    "to": [ 2.1875, 7.75, 8.6875 ],
    "faces": {
        "down":  { "uv": [ 14.375, 8.6875, 13.8125, 7.5625 ], "texture": "#texture" },
        "up":    { "uv": [ 1.625, 7.5625, 2.1875, 8.6875 ], "texture": "#texture" },
        "north": { "uv": [ 13.8125, 8.25, 14.375, 8.5 ], "texture": "#texture" },
        "south": { "uv": [ 1.625, 8.25, 2.1875, 8.5 ], "texture": "#texture" },
        "west":  { "uv": [ 7.5625, 8.25, 8.6875, 8.5 ], "texture": "#texture" },
        "east":  { "uv": [ 7.3125, 8.25, 8.4375, 8.5 ], "texture": "#texture" }
    }
},
{
    "from": [ 1.625, 7.75, 7.6875 ],
    "to": [ 2.25, 11.125, 8.6875 ],
    "faces": {
        "down":  { "uv": [ 14.375, 8.6875, 13.75, 7.6875 ], "texture": "#texture" },
        "up":    { "uv": [ 1.625, 7.6875, 2.25, 8.6875 ], "texture": "#texture" },
        "north": { "uv": [ 13.75, 4.875, 14.375, 8.25 ], "texture": "#texture" },
        "south": { "uv": [ 1.625, 4.875, 2.25, 8.25 ], "texture": "#texture" },
        "west":  { "uv": [ 7.6875, 4.875, 8.6875, 8.25 ], "texture": "#texture" },
        "east":  { "uv": [ 7.3125, 4.875, 8.3125, 8.25 ], "texture": "#texture" }
    }
},
{
    "from": [ 3.375, 11.125, 7.5 ],
    "to": [ 3.5, 11.875, 8.75 ],
    "faces": {
        "down":  { "uv": [ 12.625, 8.75, 12.5, 7.5 ], "texture": "#texture" },
        "up":    { "uv": [ 3.375, 7.5, 3.5, 8.75 ], "texture": "#texture" },
        "north": { "uv": [ 12.5, 4.125, 12.625, 4.875 ], "texture": "#texture" },
        "south": { "uv": [ 3.375, 4.125, 3.5, 4.875 ], "texture": "#texture" },
        "west":  { "uv": [ 7.5, 4.125, 8.75, 4.875 ], "texture": "#texture" },
        "east":  { "uv": [ 7.25, 4.125, 8.5, 4.875 ], "texture": "#texture" }
    }
},
{
    "from": [ 2.25, 8.625, 7.5 ],
    "to": [ 2.5, 11.5, 8.75 ],
    "faces": {
        "down":  { "uv": [ 13.75, 8.75, 13.5, 7.5 ], "texture": "#texture" },
        "up":    { "uv": [ 2.25, 7.5, 2.5, 8.75 ], "texture": "#texture" },
        "north": { "uv": [ 13.5, 4.5, 13.75, 7.375 ], "texture": "#texture" },
        "south": { "uv": [ 2.25, 4.5, 2.5, 7.375 ], "texture": "#texture" },
        "west":  { "uv": [ 7.5, 4.5, 8.75, 7.375 ], "texture": "#texture" },
        "east":  { "uv": [ 7.25, 4.5, 8.5, 7.375 ], "texture": "#texture" }
    }
},
{
    "from": [ 2.375, 10, 7.5 ],
    "to": [ 3.375, 11.375, 8.75 ],
    "faces": {
        "down":  { "uv": [ 13.625, 8.75, 12.625, 7.5 ], "texture": "#texture" },
        "up":    { "uv": [ 2.375, 7.5, 3.375, 8.75 ], "texture": "#texture" },
        "north": { "uv": [ 12.625, 4.625, 13.625, 6 ], "texture": "#texture" },
        "south": { "uv": [ 2.375, 4.625, 3.375, 6 ], "texture": "#texture" },
        "west":  { "uv": [ 7.5, 4.625, 8.75, 6 ], "texture": "#texture" },
        "east":  { "uv": [ 7.25, 4.625, 8.5, 6 ], "texture": "#texture" }
    }
},
{
    "from": [ 3, 10.25, 7.5 ],
    "to": [ 4, 11.625, 8.75 ],
    "faces": {
        "down":  { "uv": [ 13, 8.75, 12, 7.5 ], "texture": "#texture" },
        "up":    { "uv": [ 3, 7.5, 4, 8.75 ], "texture": "#texture" },
        "north": { "uv": [ 12, 4.375, 13, 5.75 ], "texture": "#texture" },
        "south": { "uv": [ 3, 4.375, 4, 5.75 ], "texture": "#texture" },
        "west":  { "uv": [ 7.5, 4.375, 8.75, 5.75 ], "texture": "#texture" },
        "east":  { "uv": [ 7.25, 4.375, 8.5, 5.75 ], "texture": "#texture" }
    }
},
{
    "from": [ 3.375, 11.375, 7.5 ],
    "to": [ 4.625, 11.875, 8.75 ],
    "faces": {
        "down":  { "uv": [ 12.625, 8.75, 11.375, 7.5 ], "texture": "#texture" },
        "up":    { "uv": [ 3.375, 7.5, 4.625, 8.75 ], "texture": "#texture" },
        "north": { "uv": [ 11.375, 4.125, 12.625, 4.625 ], "texture": "#texture" },
        "south": { "uv": [ 3.375, 4.125, 4.625, 4.625 ], "texture": "#texture" },
        "west":  { "uv": [ 7.5, 4.125, 8.75, 4.625 ], "texture": "#texture" },
        "east":  { "uv": [ 7.25, 4.125, 8.5, 4.625 ], "texture": "#texture" }
    }
},
{
    "from": [ 3.25, 11.625, 7.5 ],
    "to": [ 3.375, 11.75, 8.75 ],
    "faces": {
        "down":  { "uv": [ 12.75, 8.75, 12.625, 7.5 ], "texture": "#texture" },
        "up":    { "uv": [ 3.25, 7.5, 3.375, 8.75 ], "texture": "#texture" },
        "north": { "uv": [ 12.625, 4.25, 12.75, 4.375 ], "texture": "#texture" },
        "south": { "uv": [ 3.25, 4.25, 3.375, 4.375 ], "texture": "#texture" },
        "west":  { "uv": [ 7.5, 4.25, 8.75, 4.375 ], "texture": "#texture" },
        "east":  { "uv": [ 7.25, 4.25, 8.5, 4.375 ], "texture": "#texture" }
    }
},
{
    "from": [ 3.875, 11.75, 7.5 ],
    "to": [ 4, 12.625, 8.75 ],
    "faces": {
        "down":  { "uv": [ 12.125, 8.75, 12, 7.5 ], "texture": "#texture" },
        "up":    { "uv": [ 3.875, 7.5, 4, 8.75 ], "texture": "#texture" },
        "north": { "uv": [ 12, 3.375, 12.125, 4.25 ], "texture": "#texture" },
        "south": { "uv": [ 3.875, 3.375, 4, 4.25 ], "texture": "#texture" },
        "west":  { "uv": [ 7.5, 3.375, 8.75, 4.25 ], "texture": "#texture" },
        "east":  { "uv": [ 7.25, 3.375, 8.5, 4.25 ], "texture": "#texture" }
    }
},
{
    "from": [ 11, 6.5, 7.5 ],
    "to": [ 12, 9.75, 8.75 ],
    "faces": {
        "down":  { "uv": [ 5, 8.75, 4, 7.5 ], "texture": "#texture" },
        "up":    { "uv": [ 11, 7.5, 12, 8.75 ], "texture": "#texture" },
        "north": { "uv": [ 4, 6.25, 5, 9.5 ], "texture": "#texture" },
        "south": { "uv": [ 11, 6.25, 12, 9.5 ], "texture": "#texture" },
        "west":  { "uv": [ 7.5, 6.25, 8.75, 9.5 ], "texture": "#texture" },
        "east":  { "uv": [ 7.25, 6.25, 8.5, 9.5 ], "texture": "#texture" }
    }
},
{
    "from": [ 11, 6.4375, 7.5 ],
    "to": [ 12, 6.6875, 8.75 ],
    "faces": {
        "down":  { "uv": [ 5, 8.75, 4, 7.5 ], "texture": "#texture" },
        "up":    { "uv": [ 11, 7.5, 12, 8.75 ], "texture": "#texture" },
        "north": { "uv": [ 4, 9.3125, 5, 9.5625 ], "texture": "#texture" },
        "south": { "uv": [ 11, 9.3125, 12, 9.5625 ], "texture": "#texture" },
        "west":  { "uv": [ 7.5, 9.3125, 8.75, 9.5625 ], "texture": "#texture" },
        "east":  { "uv": [ 7.25, 9.3125, 8.5, 9.5625 ], "texture": "#texture" }
    }
},
{
    "from": [ 11.625, 6.125, 7.5 ],
    "to": [ 12, 6.625, 8.75 ],
    "faces": {
        "down":  { "uv": [ 4.375, 8.75, 4, 7.5 ], "texture": "#texture" },
        "up":    { "uv": [ 11.625, 7.5, 12, 8.75 ], "texture": "#texture" },
        "north": { "uv": [ 4, 9.375, 4.375, 9.875 ], "texture": "#texture" },
        "south": { "uv": [ 11.625, 9.375, 12, 9.875 ], "texture": "#texture" },
        "west":  { "uv": [ 7.5, 9.375, 8.75, 9.875 ], "texture": "#texture" },
        "east":  { "uv": [ 7.25, 9.375, 8.5, 9.875 ], "texture": "#texture" }
    }
},
{
    "from": [ 11.5, 6.25, 7.5 ],
    "to": [ 11.875, 6.75, 8.75 ],
    "faces": {
        "down":  { "uv": [ 4.5, 8.75, 4.125, 7.5 ], "texture": "#texture" },
        "up":    { "uv": [ 11.5, 7.5, 11.875, 8.75 ], "texture": "#texture" },
        "north": { "uv": [ 4.125, 9.25, 4.5, 9.75 ], "texture": "#texture" },
        "south": { "uv": [ 11.5, 9.25, 11.875, 9.75 ], "texture": "#texture" },
        "west":  { "uv": [ 7.5, 9.25, 8.75, 9.75 ], "texture": "#texture" },
        "east":  { "uv": [ 7.25, 9.25, 8.5, 9.75 ], "texture": "#texture" }
    }
},
{
    "from": [ 4.875, 11.25, 7.625 ],
    "to": [ 5.25, 11.75, 8.625 ],
    "faces": {
        "down":  { "uv": [ 11.125, 8.625, 10.75, 7.625 ], "texture": "#texture" },
        "up":    { "uv": [ 4.875, 7.625, 5.25, 8.625 ], "texture": "#texture" },
        "north": { "uv": [ 10.75, 4.25, 11.125, 4.75 ], "texture": "#texture" },
        "south": { "uv": [ 4.875, 4.25, 5.25, 4.75 ], "texture": "#texture" },
        "west":  { "uv": [ 7.625, 4.25, 8.625, 4.75 ], "texture": "#texture" },
        "east":  { "uv": [ 7.375, 4.25, 8.375, 4.75 ], "texture": "#texture" }
    }
},
{
    "from": [ 5.5, 11.25, 7.625 ],
    "to": [ 5.875, 11.75, 8.625 ],
    "faces": {
        "down":  { "uv": [ 10.5, 8.625, 10.125, 7.625 ], "texture": "#texture" },
        "up":    { "uv": [ 5.5, 7.625, 5.875, 8.625 ], "texture": "#texture" },
        "north": { "uv": [ 10.125, 4.25, 10.5, 4.75 ], "texture": "#texture" },
        "south": { "uv": [ 5.5, 4.25, 5.875, 4.75 ], "texture": "#texture" },
        "west":  { "uv": [ 7.625, 4.25, 8.625, 4.75 ], "texture": "#texture" },
        "east":  { "uv": [ 7.375, 4.25, 8.375, 4.75 ], "texture": "#texture" }
    }
},
{
    "from": [ 6.125, 11.25, 7.625 ],
    "to": [ 6.5, 11.75, 8.625 ],
    "faces": {
        "down":  { "uv": [ 9.875, 8.625, 9.5, 7.625 ], "texture": "#texture" },
        "up":    { "uv": [ 6.125, 7.625, 6.5, 8.625 ], "texture": "#texture" },
        "north": { "uv": [ 9.5, 4.25, 9.875, 4.75 ], "texture": "#texture" },
        "south": { "uv": [ 6.125, 4.25, 6.5, 4.75 ], "texture": "#texture" },
        "west":  { "uv": [ 7.625, 4.25, 8.625, 4.75 ], "texture": "#texture" },
        "east":  { "uv": [ 7.375, 4.25, 8.375, 4.75 ], "texture": "#texture" }
    }
},
{
    "from": [ 6.875, 11.25, 7.625 ],
    "to": [ 7.25, 11.75, 8.625 ],
    "faces": {
        "down":  { "uv": [ 9.125, 8.625, 8.75, 7.625 ], "texture": "#texture" },
        "up":    { "uv": [ 6.875, 7.625, 7.25, 8.625 ], "texture": "#texture" },
        "north": { "uv": [ 8.75, 4.25, 9.125, 4.75 ], "texture": "#texture" },
        "south": { "uv": [ 6.875, 4.25, 7.25, 4.75 ], "texture": "#texture" },
        "west":  { "uv": [ 7.625, 4.25, 8.625, 4.75 ], "texture": "#texture" },
        "east":  { "uv": [ 7.375, 4.25, 8.375, 4.75 ], "texture": "#texture" }
    }
},
{
    "from": [ 7.5, 11.25, 7.625 ],
    "to": [ 7.875, 11.75, 8.625 ],
    "faces": {
        "down":  { "uv": [ 8.5, 8.625, 8.125, 7.625 ], "texture": "#texture" },
        "up":    { "uv": [ 7.5, 7.625, 7.875, 8.625 ], "texture": "#texture" },
        "north": { "uv": [ 8.125, 4.25, 8.5, 4.75 ], "texture": "#texture" },
        "south": { "uv": [ 7.5, 4.25, 7.875, 4.75 ], "texture": "#texture" },
        "west":  { "uv": [ 7.625, 4.25, 8.625, 4.75 ], "texture": "#texture" },
        "east":  { "uv": [ 7.375, 4.25, 8.375, 4.75 ], "texture": "#texture" }
    }
},
{
    "from": [ 8, 11.25, 7.625 ],
    "to": [ 8.375, 11.75, 8.625 ],
    "faces": {
        "down":  { "uv": [ 8, 8.625, 7.625, 7.625 ], "texture": "#texture" },
        "up":    { "uv": [ 8, 7.625, 8.375, 8.625 ], "texture": "#texture" },
        "north": { "uv": [ 7.625, 4.25, 8, 4.75 ], "texture": "#texture" },
        "south": { "uv": [ 8, 4.25, 8.375, 4.75 ], "texture": "#texture" },
        "west":  { "uv": [ 7.625, 4.25, 8.625, 4.75 ], "texture": "#texture" },
        "east":  { "uv": [ 7.375, 4.25, 8.375, 4.75 ], "texture": "#texture" }
    }
},
{
    "from": [ 8.5, 11.25, 7.625 ],
    "to": [ 8.875, 11.75, 8.625 ],
    "faces": {
        "down":  { "uv": [ 7.5, 8.625, 7.125, 7.625 ], "texture": "#texture" },
        "up":    { "uv": [ 8.5, 7.625, 8.875, 8.625 ], "texture": "#texture" },
        "north": { "uv": [ 7.125, 4.25, 7.5, 4.75 ], "texture": "#texture" },
        "south": { "uv": [ 8.5, 4.25, 8.875, 4.75 ], "texture": "#texture" },
        "west":  { "uv": [ 7.625, 4.25, 8.625, 4.75 ], "texture": "#texture" },
        "east":  { "uv": [ 7.375, 4.25, 8.375, 4.75 ], "texture": "#texture" }
    }
},
{
    "from": [ 9.125, 11.25, 7.625 ],
    "to": [ 9.5, 11.75, 8.625 ],
    "faces": {
        "down":  { "uv": [ 6.875, 8.625, 6.5, 7.625 ], "texture": "#texture" },
        "up":    { "uv": [ 9.125, 7.625, 9.5, 8.625 ], "texture": "#texture" },
        "north": { "uv": [ 6.5, 4.25, 6.875, 4.75 ], "texture": "#texture" },
        "south": { "uv": [ 9.125, 4.25, 9.5, 4.75 ], "texture": "#texture" },
        "west":  { "uv": [ 7.625, 4.25, 8.625, 4.75 ], "texture": "#texture" },
        "east":  { "uv": [ 7.375, 4.25, 8.375, 4.75 ], "texture": "#texture" }
    }
},
{
    "from": [ 9.75, 11.25, 7.625 ],
    "to": [ 10.125, 11.75, 8.625 ],
    "faces": {
        "down":  { "uv": [ 6.25, 8.625, 5.875, 7.625 ], "texture": "#texture" },
        "up":    { "uv": [ 9.75, 7.625, 10.125, 8.625 ], "texture": "#texture" },
        "north": { "uv": [ 5.875, 4.25, 6.25, 4.75 ], "texture": "#texture" },
        "south": { "uv": [ 9.75, 4.25, 10.125, 4.75 ], "texture": "#texture" },
        "west":  { "uv": [ 7.625, 4.25, 8.625, 4.75 ], "texture": "#texture" },
        "east":  { "uv": [ 7.375, 4.25, 8.375, 4.75 ], "texture": "#texture" }
    }
},
{
    "from": [ 10.25, 9.875, 8.625 ],
    "to": [ 10.5625, 10.5, 8.875 ],
    "faces": {
        "down":  { "uv": [ 5.75, 8.875, 5.4375, 8.625 ], "texture": "#texture" },
        "up":    { "uv": [ 10.25, 8.625, 10.5625, 8.875 ], "texture": "#texture" },
        "north": { "uv": [ 5.4375, 5.5, 5.75, 6.125 ], "texture": "#texture" },
        "south": { "uv": [ 10.25, 5.5, 10.5625, 6.125 ], "texture": "#texture" },
        "west":  { "uv": [ 8.625, 5.5, 8.875, 6.125 ], "texture": "#texture" },
        "east":  { "uv": [ 7.125, 5.5, 7.375, 6.125 ], "texture": "#texture" }
    }
},
{
    "from": [ 10.75, 9.875, 8.625 ],
    "to": [ 11.0625, 10.5, 8.875 ],
    "faces": {
        "down":  { "uv": [ 5.25, 8.875, 4.9375, 8.625 ], "texture": "#texture" },
        "up":    { "uv": [ 10.75, 8.625, 11.0625, 8.875 ], "texture": "#texture" },
        "north": { "uv": [ 4.9375, 5.5, 5.25, 6.125 ], "texture": "#texture" },
        "south": { "uv": [ 10.75, 5.5, 11.0625, 6.125 ], "texture": "#texture" },
        "west":  { "uv": [ 8.625, 5.5, 8.875, 6.125 ], "texture": "#texture" },
        "east":  { "uv": [ 7.125, 5.5, 7.375, 6.125 ], "texture": "#texture" }
    }
},
{
    "from": [ 11.375, 9.875, 8.625 ],
    "to": [ 11.6875, 10.5, 8.875 ],
    "faces": {
        "down":  { "uv": [ 4.625, 8.875, 4.3125, 8.625 ], "texture": "#texture" },
        "up":    { "uv": [ 11.375, 8.625, 11.6875, 8.875 ], "texture": "#texture" },
        "north": { "uv": [ 4.3125, 5.5, 4.625, 6.125 ], "texture": "#texture" },
        "south": { "uv": [ 11.375, 5.5, 11.6875, 6.125 ], "texture": "#texture" },
        "west":  { "uv": [ 8.625, 5.5, 8.875, 6.125 ], "texture": "#texture" },
        "east":  { "uv": [ 7.125, 5.5, 7.375, 6.125 ], "texture": "#texture" }
    }
},
{
    "from": [ 12.125, 10.3125, 8.6875 ],
    "to": [ 12.375, 10.5, 8.9375 ],
    "faces": {
        "down":  { "uv": [ 3.875, 8.9375, 3.625, 8.6875 ], "texture": "#texture" },
        "up":    { "uv": [ 12.125, 8.6875, 12.375, 8.9375 ], "texture": "#texture" },
        "north": { "uv": [ 3.625, 5.5, 3.875, 5.6875 ], "texture": "#texture" },
        "south": { "uv": [ 12.125, 5.5, 12.375, 5.6875 ], "texture": "#texture" },
        "west":  { "uv": [ 8.6875, 5.5, 8.9375, 5.6875 ], "texture": "#texture" },
        "east":  { "uv": [ 7.0625, 5.5, 7.3125, 5.6875 ], "texture": "#texture" }
    }
},
{
    "from": [ 12, 9.875, 8.6875 ],
    "to": [ 12.25, 10.5, 8.9375 ],
    "faces": {
        "down":  { "uv": [ 4, 8.9375, 3.75, 8.6875 ], "texture": "#texture" },
        "up":    { "uv": [ 12, 8.6875, 12.25, 8.9375 ], "texture": "#texture" },
        "north": { "uv": [ 3.75, 5.5, 4, 6.125 ], "texture": "#texture" },
        "south": { "uv": [ 12, 5.5, 12.25, 6.125 ], "texture": "#texture" },
        "west":  { "uv": [ 8.6875, 5.5, 8.9375, 6.125 ], "texture": "#texture" },
        "east":  { "uv": [ 7.0625, 5.5, 7.3125, 6.125 ], "texture": "#texture" }
    }
},
{
    "from": [ 12.125, 9.875, 8.6875 ],
    "to": [ 12.375, 10.0625, 8.9375 ],
    "faces": {
        "down":  { "uv": [ 3.875, 8.9375, 3.625, 8.6875 ], "texture": "#texture" },
        "up":    { "uv": [ 12.125, 8.6875, 12.375, 8.9375 ], "texture": "#texture" },
        "north": { "uv": [ 3.625, 5.9375, 3.875, 6.125 ], "texture": "#texture" },
        "south": { "uv": [ 12.125, 5.9375, 12.375, 6.125 ], "texture": "#texture" },
        "west":  { "uv": [ 8.6875, 5.9375, 8.9375, 6.125 ], "texture": "#texture" },
        "east":  { "uv": [ 7.0625, 5.9375, 7.3125, 6.125 ], "texture": "#texture" }
    }
},
{
    "from": [ 12.875, 10, 7.875 ],
    "to": [ 13.125, 10.375, 8.375 ],
    "faces": {
        "down":  { "uv": [ 3.125, 8.375, 2.875, 7.875 ], "texture": "#texture" },
        "up":    { "uv": [ 12.875, 7.875, 13.125, 8.375 ], "texture": "#texture" },
        "north": { "uv": [ 2.875, 5.625, 3.125, 6 ], "texture": "#texture" },
        "south": { "uv": [ 12.875, 5.625, 13.125, 6 ], "texture": "#texture" },
        "west":  { "uv": [ 7.875, 5.625, 8.375, 6 ], "texture": "#texture" },
        "east":  { "uv": [ 7.625, 5.625, 8.125, 6 ], "texture": "#texture" }
    }
},
{
    "from": [ 14.125, 9.875, 7.875 ],
    "to": [ 14.375, 10, 8.375 ],
    "faces": {
        "down":  { "uv": [ 1.875, 8.375, 1.625, 7.875 ], "texture": "#texture" },
        "up":    { "uv": [ 14.125, 7.875, 14.375, 8.375 ], "texture": "#texture" },
        "north": { "uv": [ 1.625, 6, 1.875, 6.125 ], "texture": "#texture" },
        "south": { "uv": [ 14.125, 6, 14.375, 6.125 ], "texture": "#texture" },
        "west":  { "uv": [ 7.875, 6, 8.375, 6.125 ], "texture": "#texture" },
        "east":  { "uv": [ 7.625, 6, 8.125, 6.125 ], "texture": "#texture" }
    }
},
{
    "from": [ 14.125, 10.25, 7.875 ],
    "to": [ 14.375, 10.375, 8.375 ],
    "faces": {
        "down":  { "uv": [ 1.875, 8.375, 1.625, 7.875 ], "texture": "#texture" },
        "up":    { "uv": [ 14.125, 7.875, 14.375, 8.375 ], "texture": "#texture" },
        "north": { "uv": [ 1.625, 5.625, 1.875, 5.75 ], "texture": "#texture" },
        "south": { "uv": [ 14.125, 5.625, 14.375, 5.75 ], "texture": "#texture" },
        "west":  { "uv": [ 7.875, 5.625, 8.375, 5.75 ], "texture": "#texture" },
        "east":  { "uv": [ 7.625, 5.625, 8.125, 5.75 ], "texture": "#texture" }
    }
},
{
    "from": [ 14.125, 9.875, 8.375 ],
    "to": [ 14.375, 10.375, 8.625 ],
    "faces": {
        "down":  { "uv": [ 1.875, 8.625, 1.625, 8.375 ], "texture": "#texture" },
        "up":    { "uv": [ 14.125, 8.375, 14.375, 8.625 ], "texture": "#texture" },
        "north": { "uv": [ 1.625, 5.625, 1.875, 6.125 ], "texture": "#texture" },
        "south": { "uv": [ 14.125, 5.625, 14.375, 6.125 ], "texture": "#texture" },
        "west":  { "uv": [ 8.375, 5.625, 8.625, 6.125 ], "texture": "#texture" },
        "east":  { "uv": [ 7.375, 5.625, 7.625, 6.125 ], "texture": "#texture" }
    }
},
{
    "from": [ 14.125, 9.875, 7.875 ],
    "to": [ 14.375, 10.375, 8.125 ],
    "faces": {
        "down":  { "uv": [ 1.875, 8.125, 1.625, 7.875 ], "texture": "#texture" },
        "up":    { "uv": [ 14.125, 7.875, 14.375, 8.125 ], "texture": "#texture" },
        "north": { "uv": [ 1.625, 5.625, 1.875, 6.125 ], "texture": "#texture" },
        "south": { "uv": [ 14.125, 5.625, 14.375, 6.125 ], "texture": "#texture" },
        "west":  { "uv": [ 7.875, 5.625, 8.125, 6.125 ], "texture": "#texture" },
        "east":  { "uv": [ 7.875, 5.625, 8.125, 6.125 ], "texture": "#texture" }
    }
},
{
    "from": [ 13.125, 10.25, 7.875 ],
    "to": [ 14.125, 10.375, 8.125 ],
    "faces": {
        "down":  { "uv": [ 2.875, 8.125, 1.875, 7.875 ], "texture": "#texture" },
        "up":    { "uv": [ 13.125, 7.875, 14.125, 8.125 ], "texture": "#texture" },
        "north": { "uv": [ 1.875, 5.625, 2.875, 5.75 ], "texture": "#texture" },
        "south": { "uv": [ 13.125, 5.625, 14.125, 5.75 ], "texture": "#texture" },
        "west":  { "uv": [ 7.875, 5.625, 8.125, 5.75 ], "texture": "#texture" },
        "east":  { "uv": [ 7.875, 5.625, 8.125, 5.75 ], "texture": "#texture" }
    }
},
{
    "from": [ 13.125, 10.25, 8.375 ],
    "to": [ 14.125, 10.375, 8.625 ],
    "faces": {
        "down":  { "uv": [ 2.875, 8.625, 1.875, 8.375 ], "texture": "#texture" },
        "up":    { "uv": [ 13.125, 8.375, 14.125, 8.625 ], "texture": "#texture" },
        "north": { "uv": [ 1.875, 5.625, 2.875, 5.75 ], "texture": "#texture" },
        "south": { "uv": [ 13.125, 5.625, 14.125, 5.75 ], "texture": "#texture" },
        "west":  { "uv": [ 8.375, 5.625, 8.625, 5.75 ], "texture": "#texture" },
        "east":  { "uv": [ 7.375, 5.625, 7.625, 5.75 ], "texture": "#texture" }
    }
},
{
    "from": [ 13.125, 9.875, 8.375 ],
    "to": [ 14.125, 10, 8.625 ],
    "faces": {
        "down":  { "uv": [ 2.875, 8.625, 1.875, 8.375 ], "texture": "#texture" },
        "up":    { "uv": [ 13.125, 8.375, 14.125, 8.625 ], "texture": "#texture" },
        "north": { "uv": [ 1.875, 6, 2.875, 6.125 ], "texture": "#texture" },
        "south": { "uv": [ 13.125, 6, 14.125, 6.125 ], "texture": "#texture" },
        "west":  { "uv": [ 8.375, 6, 8.625, 6.125 ], "texture": "#texture" },
        "east":  { "uv": [ 7.375, 6, 7.625, 6.125 ], "texture": "#texture" }
    }
},
{
    "from": [ 13.125, 9.875, 7.875 ],
    "to": [ 14.25, 10, 8.125 ],
    "faces": {
        "down":  { "uv": [ 2.875, 8.125, 1.75, 7.875 ], "texture": "#texture" },
        "up":    { "uv": [ 13.125, 7.875, 14.25, 8.125 ], "texture": "#texture" },
        "north": { "uv": [ 1.75, 6, 2.875, 6.125 ], "texture": "#texture" },
        "south": { "uv": [ 13.125, 6, 14.25, 6.125 ], "texture": "#texture" },
        "west":  { "uv": [ 7.875, 6, 8.125, 6.125 ], "texture": "#texture" },
        "east":  { "uv": [ 7.875, 6, 8.125, 6.125 ], "texture": "#texture" }
    }
},
{
    "from": [ 12.75, 9.25, 7.5 ],
    "to": [ 13, 9.875, 8.75 ],
    "faces": {
        "down":  { "uv": [ 3.25, 8.75, 3, 7.5 ], "texture": "#texture" },
        "up":    { "uv": [ 12.75, 7.5, 13, 8.75 ], "texture": "#texture" },
        "north": { "uv": [ 3, 6.125, 3.25, 6.75 ], "texture": "#texture" },
        "south": { "uv": [ 12.75, 6.125, 13, 6.75 ], "texture": "#texture" },
        "west":  { "uv": [ 7.5, 6.125, 8.75, 6.75 ], "texture": "#texture" },
        "east":  { "uv": [ 7.25, 6.125, 8.5, 6.75 ], "texture": "#texture" }
    }
},
{
    "from": [ 10.875, 11.625, 7.5 ],
    "to": [ 11.625, 12, 7.875 ],
    "faces": {
        "down":  { "uv": [ 5.125, 7.875, 4.375, 7.5 ], "texture": "#texture" },
        "up":    { "uv": [ 10.875, 7.5, 11.625, 7.875 ], "texture": "#texture" },
        "north": { "uv": [ 4.375, 4, 5.125, 4.375 ], "texture": "#texture" },
        "south": { "uv": [ 10.875, 4, 11.625, 4.375 ], "texture": "#texture" },
        "west":  { "uv": [ 7.5, 4, 7.875, 4.375 ], "texture": "#texture" },
        "east":  { "uv": [ 8.125, 4, 8.5, 4.375 ], "texture": "#texture" }
    }
},
{
    "from": [ 11.5, 11.5, 7.5 ],
    "to": [ 11.875, 12, 8.6875 ],
    "faces": {
        "down":  { "uv": [ 4.5, 8.6875, 4.125, 7.5 ], "texture": "#texture" },
        "up":    { "uv": [ 11.5, 7.5, 11.875, 8.6875 ], "texture": "#texture" },
        "north": { "uv": [ 4.125, 4, 4.5, 4.5 ], "texture": "#texture" },
        "south": { "uv": [ 11.5, 4, 11.875, 4.5 ], "texture": "#texture" },
        "west":  { "uv": [ 7.5, 4, 8.6875, 4.5 ], "texture": "#texture" },
        "east":  { "uv": [ 7.3125, 4, 8.5, 4.5 ], "texture": "#texture" }
    }
},
{
    "from": [ 10.9375, 11.625, 8.3125 ],
    "to": [ 11.6875, 12, 8.6875 ],
    "faces": {
        "down":  { "uv": [ 5.0625, 8.6875, 4.3125, 8.3125 ], "texture": "#texture" },
        "up":    { "uv": [ 10.9375, 8.3125, 11.6875, 8.6875 ], "texture": "#texture" },
        "north": { "uv": [ 4.3125, 4, 5.0625, 4.375 ], "texture": "#texture" },
        "south": { "uv": [ 10.9375, 4, 11.6875, 4.375 ], "texture": "#texture" },
        "west":  { "uv": [ 8.3125, 4, 8.6875, 4.375 ], "texture": "#texture" },
        "east":  { "uv": [ 7.3125, 4, 7.6875, 4.375 ], "texture": "#texture" }
    }
},
{
    "from": [ 11, 11.5, 8 ],
    "to": [ 11.5, 12.75, 8.25 ],
    "faces": {
        "down":  { "uv": [ 5, 8.25, 4.5, 8 ], "texture": "#texture" },
        "up":    { "uv": [ 11, 8, 11.5, 8.25 ], "texture": "#texture" },
        "north": { "uv": [ 4.5, 3.25, 5, 4.5 ], "texture": "#texture" },
        "south": { "uv": [ 11, 3.25, 11.5, 4.5 ], "texture": "#texture" },
        "west":  { "uv": [ 8, 3.25, 8.25, 4.5 ], "texture": "#texture" },
        "east":  { "uv": [ 7.75, 3.25, 8, 4.5 ], "texture": "#texture" }
    }
},
{
    "from": [ 11.5, 12.25, 8 ],
    "to": [ 11.75, 12.625, 8.25 ],
    "faces": {
        "down":  { "uv": [ 4.5, 8.25, 4.25, 8 ], "texture": "#texture" },
        "up":    { "uv": [ 11.5, 8, 11.75, 8.25 ], "texture": "#texture" },
        "north": { "uv": [ 4.25, 3.375, 4.5, 3.75 ], "texture": "#texture" },
        "south": { "uv": [ 11.5, 3.375, 11.75, 3.75 ], "texture": "#texture" },
        "west":  { "uv": [ 8, 3.375, 8.25, 3.75 ], "texture": "#texture" },
        "east":  { "uv": [ 7.75, 3.375, 8, 3.75 ], "texture": "#texture" }
    }
},
{
    "from": [ 3.375, 10, 7.5 ],
    "to": [ 11.625, 11, 8.75 ],
    "faces": {
        "down":  { "uv": [ 12.625, 8.75, 4.375, 7.5 ], "texture": "#texture" },
        "up":    { "uv": [ 3.375, 7.5, 11.625, 8.75 ], "texture": "#texture" },
        "north": { "uv": [ 4.375, 5, 12.625, 6 ], "texture": "#texture" },
        "south": { "uv": [ 3.375, 5, 11.625, 6 ], "texture": "#texture" },
        "west":  { "uv": [ 7.5, 5, 8.75, 6 ], "texture": "#texture" },
        "east":  { "uv": [ 7.25, 5, 8.5, 6 ], "texture": "#texture" }
    }
},
{
    "from": [ 9.5, 10.75, 7.5 ],
    "to": [ 10.625, 11.375, 8.75 ],
    "faces": {
        "down":  { "uv": [ 6.5, 8.75, 5.375, 7.5 ], "texture": "#texture" },
        "up":    { "uv": [ 9.5, 7.5, 10.625, 8.75 ], "texture": "#texture" },
        "north": { "uv": [ 5.375, 4.625, 6.5, 5.25 ], "texture": "#texture" },
        "south": { "uv": [ 9.5, 4.625, 10.625, 5.25 ], "texture": "#texture" },
        "west":  { "uv": [ 7.5, 4.625, 8.75, 5.25 ], "texture": "#texture" },
        "east":  { "uv": [ 7.25, 4.625, 8.5, 5.25 ], "texture": "#texture" }
    }
},
{
    "from": [ 8.125, 10.75, 7.5 ],
    "to": [ 8.625, 11.375, 8.75 ],
    "faces": {
        "down":  { "uv": [ 7.875, 8.75, 7.375, 7.5 ], "texture": "#texture" },
        "up":    { "uv": [ 8.125, 7.5, 8.625, 8.75 ], "texture": "#texture" },
        "north": { "uv": [ 7.375, 4.625, 7.875, 5.25 ], "texture": "#texture" },
        "south": { "uv": [ 8.125, 4.625, 8.625, 5.25 ], "texture": "#texture" },
        "west":  { "uv": [ 7.5, 4.625, 8.75, 5.25 ], "texture": "#texture" },
        "east":  { "uv": [ 7.25, 4.625, 8.5, 5.25 ], "texture": "#texture" }
    }
},
{
    "from": [ 3.875, 10.625, 7.5 ],
    "to": [ 6.875, 11.25, 8.75 ],
    "faces": {
        "down":  { "uv": [ 12.125, 8.75, 9.125, 7.5 ], "texture": "#texture" },
        "up":    { "uv": [ 3.875, 7.5, 6.875, 8.75 ], "texture": "#texture" },
        "north": { "uv": [ 9.125, 4.75, 12.125, 5.375 ], "texture": "#texture" },
        "south": { "uv": [ 3.875, 4.75, 6.875, 5.375 ], "texture": "#texture" },
        "west":  { "uv": [ 7.5, 4.75, 8.75, 5.375 ], "texture": "#texture" },
        "east":  { "uv": [ 7.25, 4.75, 8.5, 5.375 ], "texture": "#texture" }
    }
},
{
    "from": [ 5.375, 10.75, 7.625 ],
    "to": [ 8.125, 11.375, 8.625 ],
    "faces": {
        "down":  { "uv": [ 10.625, 8.625, 7.875, 7.625 ], "texture": "#texture" },
        "up":    { "uv": [ 5.375, 7.625, 8.125, 8.625 ], "texture": "#texture" },
        "north": { "uv": [ 7.875, 4.625, 10.625, 5.25 ], "texture": "#texture" },
        "south": { "uv": [ 5.375, 4.625, 8.125, 5.25 ], "texture": "#texture" },
        "west":  { "uv": [ 7.625, 4.625, 8.625, 5.25 ], "texture": "#texture" },
        "east":  { "uv": [ 7.375, 4.625, 8.375, 5.25 ], "texture": "#texture" }
    }
},
{
    "from": [ 3.75, 10.125, 8.25 ],
    "to": [ 7.625, 11.125, 8.75 ],
    "faces": {
        "down":  { "uv": [ 12.25, 8.75, 8.375, 8.25 ], "texture": "#texture" },
        "up":    { "uv": [ 3.75, 8.25, 7.625, 8.75 ], "texture": "#texture" },
        "north": { "uv": [ 8.375, 4.875, 12.25, 5.875 ], "texture": "#texture" },
        "south": { "uv": [ 3.75, 4.875, 7.625, 5.875 ], "texture": "#texture" },
        "west":  { "uv": [ 8.25, 4.875, 8.75, 5.875 ], "texture": "#texture" },
        "east":  { "uv": [ 7.25, 4.875, 7.75, 5.875 ], "texture": "#texture" }
    }
},
{
    "from": [ 3.75, 9.5, 8.6875 ],
    "to": [ 7.625, 10.5, 9.1875 ],
    "faces": {
        "down":  { "uv": [ 12.25, 9.1875, 8.375, 8.6875 ], "texture": "#texture" },
        "up":    { "uv": [ 3.75, 8.6875, 7.625, 9.1875 ], "texture": "#texture" },
        "north": { "uv": [ 8.375, 5.5, 12.25, 6.5 ], "texture": "#texture" },
        "south": { "uv": [ 3.75, 5.5, 7.625, 6.5 ], "texture": "#texture" },
        "west":  { "uv": [ 8.6875, 5.5, 9.1875, 6.5 ], "texture": "#texture" },
        "east":  { "uv": [ 6.8125, 5.5, 7.3125, 6.5 ], "texture": "#texture" }
    }
},
{
    "from": [ 7.125, 10.25, 8.25 ],
    "to": [ 12.125, 10.75, 8.75 ],
    "faces": {
        "down":  { "uv": [ 8.875, 8.75, 3.875, 8.25 ], "texture": "#texture" },
        "up":    { "uv": [ 7.125, 8.25, 12.125, 8.75 ], "texture": "#texture" },
        "north": { "uv": [ 3.875, 5.25, 8.875, 5.75 ], "texture": "#texture" },
        "south": { "uv": [ 7.125, 5.25, 12.125, 5.75 ], "texture": "#texture" },
        "west":  { "uv": [ 8.25, 5.25, 8.75, 5.75 ], "texture": "#texture" },
        "east":  { "uv": [ 7.25, 5.25, 7.75, 5.75 ], "texture": "#texture" }
    }
},
{
    "from": [ 7.1875, 8.75, 7.75 ],
    "to": [ 7.3125, 9.625, 8.5 ],
    "faces": {
        "down":  { "uv": [ 8.8125, 8.5, 8.6875, 7.75 ], "texture": "#texture" },
        "up":    { "uv": [ 7.1875, 7.75, 7.3125, 8.5 ], "texture": "#texture" },
        "north": { "uv": [ 8.6875, 6.375, 8.8125, 7.25 ], "texture": "#texture" },
        "south": { "uv": [ 7.1875, 6.375, 7.3125, 7.25 ], "texture": "#texture" },
        "west":  { "uv": [ 7.75, 6.375, 8.5, 7.25 ], "texture": "#texture" },
        "east":  { "uv": [ 7.5, 6.375, 8.25, 7.25 ], "texture": "#texture" }
    }
},
{
    "from": [ 10.25, 9.875, 7.375 ],
    "to": [ 10.5625, 10.5, 7.625 ],
    "faces": {
        "down":  { "uv": [ 5.75, 7.625, 5.4375, 7.375 ], "texture": "#texture" },
        "up":    { "uv": [ 10.25, 7.375, 10.5625, 7.625 ], "texture": "#texture" },
        "north": { "uv": [ 5.4375, 5.5, 5.75, 6.125 ], "texture": "#texture" },
        "south": { "uv": [ 10.25, 5.5, 10.5625, 6.125 ], "texture": "#texture" },
        "west":  { "uv": [ 7.375, 5.5, 7.625, 6.125 ], "texture": "#texture" },
        "east":  { "uv": [ 8.375, 5.5, 8.625, 6.125 ], "texture": "#texture" }
    }
},
{
    "from": [ 10.75, 9.875, 7.375 ],
    "to": [ 11.0625, 10.5, 7.625 ],
    "faces": {
        "down":  { "uv": [ 5.25, 7.625, 4.9375, 7.375 ], "texture": "#texture" },
        "up":    { "uv": [ 10.75, 7.375, 11.0625, 7.625 ], "texture": "#texture" },
        "north": { "uv": [ 4.9375, 5.5, 5.25, 6.125 ], "texture": "#texture" },
        "south": { "uv": [ 10.75, 5.5, 11.0625, 6.125 ], "texture": "#texture" },
        "west":  { "uv": [ 7.375, 5.5, 7.625, 6.125 ], "texture": "#texture" },
        "east":  { "uv": [ 8.375, 5.5, 8.625, 6.125 ], "texture": "#texture" }
    }
},
{
    "from": [ 11.375, 9.875, 7.375 ],
    "to": [ 11.6875, 10.5, 7.625 ],
    "faces": {
        "down":  { "uv": [ 4.625, 7.625, 4.3125, 7.375 ], "texture": "#texture" },
        "up":    { "uv": [ 11.375, 7.375, 11.6875, 7.625 ], "texture": "#texture" },
        "north": { "uv": [ 4.3125, 5.5, 4.625, 6.125 ], "texture": "#texture" },
        "south": { "uv": [ 11.375, 5.5, 11.6875, 6.125 ], "texture": "#texture" },
        "west":  { "uv": [ 7.375, 5.5, 7.625, 6.125 ], "texture": "#texture" },
        "east":  { "uv": [ 8.375, 5.5, 8.625, 6.125 ], "texture": "#texture" }
    }
},
{
    "from": [ 12.125, 10.3125, 7.4375 ],
    "to": [ 12.375, 10.5, 7.6875 ],
    "faces": {
        "down":  { "uv": [ 3.875, 7.6875, 3.625, 7.4375 ], "texture": "#texture" },
        "up":    { "uv": [ 12.125, 7.4375, 12.375, 7.6875 ], "texture": "#texture" },
        "north": { "uv": [ 3.625, 5.5, 3.875, 5.6875 ], "texture": "#texture" },
        "south": { "uv": [ 12.125, 5.5, 12.375, 5.6875 ], "texture": "#texture" },
        "west":  { "uv": [ 7.4375, 5.5, 7.6875, 5.6875 ], "texture": "#texture" },
        "east":  { "uv": [ 8.3125, 5.5, 8.5625, 5.6875 ], "texture": "#texture" }
    }
},
{
    "from": [ 12, 9.875, 7.4375 ],
    "to": [ 12.25, 10.5, 7.6875 ],
    "faces": {
        "down":  { "uv": [ 4, 7.6875, 3.75, 7.4375 ], "texture": "#texture" },
        "up":    { "uv": [ 12, 7.4375, 12.25, 7.6875 ], "texture": "#texture" },
        "north": { "uv": [ 3.75, 5.5, 4, 6.125 ], "texture": "#texture" },
        "south": { "uv": [ 12, 5.5, 12.25, 6.125 ], "texture": "#texture" },
        "west":  { "uv": [ 7.4375, 5.5, 7.6875, 6.125 ], "texture": "#texture" },
        "east":  { "uv": [ 8.3125, 5.5, 8.5625, 6.125 ], "texture": "#texture" }
    }
},
{
    "from": [ 12.125, 9.875, 7.4375 ],
    "to": [ 12.375, 10.0625, 7.6875 ],
    "faces": {
        "down":  { "uv": [ 3.875, 7.6875, 3.625, 7.4375 ], "texture": "#texture" },
        "up":    { "uv": [ 12.125, 7.4375, 12.375, 7.6875 ], "texture": "#texture" },
        "north": { "uv": [ 3.625, 5.9375, 3.875, 6.125 ], "texture": "#texture" },
        "south": { "uv": [ 12.125, 5.9375, 12.375, 6.125 ], "texture": "#texture" },
        "west":  { "uv": [ 7.4375, 5.9375, 7.6875, 6.125 ], "texture": "#texture" },
        "east":  { "uv": [ 8.3125, 5.9375, 8.5625, 6.125 ], "texture": "#texture" }
    }
}
],
"display": {
    "thirdperson_righthand": {
        "rotation": [ 0, 90, 0 ],
        "translation": [ 0, 0, 0 ],
        "scale": [ 1, 1, 1 ]
    },
    "firstperson_righthand": {
        "rotation": [ 0, 90, 0 ],
        "translation": [ 0, 0, 0 ],
        "scale": [ 1, 1, 1 ]
    }
}
}