{
"__comment": "Designed by Mayomi9 with BDcraft Cubik PRO 0.96 Beta - http://bdcraft.net",
"textures": {
    "texture": "items/M4A4"
},
"elements": [ 
{
    "from": [ 9.5, 5.625, 4 ],
    "to": [ 10.375, 7.625, 5 ],
    "faces": {
        "down":  { "uv": [ 9.5, 4, 10.375, 5 ], "texture": "#texture" },
        "up":    { "uv": [ 9.5, 4, 10.375, 5 ], "texture": "#texture" },
        "north": { "uv": [ 10, 8.25, 10.5, 9.75 ], "texture": "#texture" },
        "south": { "uv": [ 10, 8.25, 10.5, 9.75 ], "texture": "#texture" },
        "west":  { "uv": [ 4, 8.375, 5, 10.375 ], "texture": "#texture" },
        "east":  { "uv": [ 4, 8.375, 5, 10.375 ], "texture": "#texture" }
    }
},
{
    "from": [ 6.875, 6.5, 4 ],
    "to": [ 8.125, 7.75, 5 ],
    "faces": {
        "down":  { "uv": [ 9.125, 5, 7.875, 4 ], "texture": "#texture" },
        "up":    { "uv": [ 6.875, 4, 8.125, 5 ], "texture": "#texture" },
        "north": { "uv": [ 8.125, 8.25, 6.875, 9.5 ], "texture": "#texture" },
        "south": { "uv": [ 6.875, 8.25, 8.125, 9.5 ], "texture": "#texture" },
        "west":  { "uv": [ 4, 8.25, 5, 9.5 ], "texture": "#texture" },
        "east":  { "uv": [ 5, 8.25, 4, 9.5 ], "texture": "#texture" }
    }
},
{
    "from": [ 6.875, 5.75, 4 ],
    "to": [ 8.25, 7, 5 ],
    "faces": {
        "down":  { "uv": [ 6.875, 4, 8.25, 5 ], "texture": "#texture" },
        "up":    { "uv": [ 6.875, 4, 8.25, 5 ], "texture": "#texture" },
        "north": { "uv": [ 6.875, 9, 7.875, 10.25 ], "texture": "#texture" },
        "south": { "uv": [ 6.875, 9, 7.875, 10.25 ], "texture": "#texture" },
        "west":  { "uv": [ 4, 9, 5, 10.25 ], "texture": "#texture" },
        "east":  { "uv": [ 4, 9, 5, 10.25 ], "texture": "#texture" }
    }
},
{
    "from": [ 8, 7.375, 4 ],
    "to": [ 9.625, 7.5, 5 ],
    "faces": {
        "down":  { "uv": [ 8, 5, 6.375, 4 ], "texture": "#texture" },
        "up":    { "uv": [ 8, 4, 9.625, 5 ], "texture": "#texture" },
        "north": { "uv": [ 9.625, 8.5, 8, 8.625 ], "texture": "#texture" },
        "south": { "uv": [ 8, 8.5, 9.625, 8.625 ], "texture": "#texture" },
        "west":  { "uv": [ 4, 8.5, 5, 8.625 ], "texture": "#texture" },
        "east":  { "uv": [ 5, 8.5, 4, 8.625 ], "texture": "#texture" }
    }
},
{
    "from": [ 9.5, 7.5, 4 ],
    "to": [ 9.625, 8, 5 ],
    "faces": {
        "down":  { "uv": [ 6.5, 5, 6.375, 4 ], "texture": "#texture" },
        "up":    { "uv": [ 9.5, 4, 9.625, 5 ], "texture": "#texture" },
        "north": { "uv": [ 9.625, 8, 9.5, 8.5 ], "texture": "#texture" },
        "south": { "uv": [ 9.5, 8, 9.625, 8.5 ], "texture": "#texture" },
        "west":  { "uv": [ 4, 8, 5, 8.5 ], "texture": "#texture" },
        "east":  { "uv": [ 5, 8, 4, 8.5 ], "texture": "#texture" }
    }
},
{
    "from": [ 8.25, 7.5, 4 ],
    "to": [ 8.375, 8, 5 ],
    "faces": {
        "down":  { "uv": [ 7.75, 5, 7.625, 4 ], "texture": "#texture" },
        "up":    { "uv": [ 8.25, 4, 8.375, 5 ], "texture": "#texture" },
        "north": { "uv": [ 8.375, 8, 8.25, 8.5 ], "texture": "#texture" },
        "south": { "uv": [ 8.25, 8, 8.375, 8.5 ], "texture": "#texture" },
        "west":  { "uv": [ 4, 8, 5, 8.5 ], "texture": "#texture" },
        "east":  { "uv": [ 5, 8, 4, 8.5 ], "texture": "#texture" }
    }
},
{
    "from": [ 8.25, 8, 4 ],
    "to": [ 9.625, 8.125, 5 ],
    "faces": {
        "down":  { "uv": [ 7.75, 5, 6.375, 4 ], "texture": "#texture" },
        "up":    { "uv": [ 8.25, 4, 9.625, 5 ], "texture": "#texture" },
        "north": { "uv": [ 9.625, 7.875, 8.25, 8 ], "texture": "#texture" },
        "south": { "uv": [ 8.25, 7.875, 9.625, 8 ], "texture": "#texture" },
        "west":  { "uv": [ 4, 7.875, 5, 8 ], "texture": "#texture" },
        "east":  { "uv": [ 5, 7.875, 4, 8 ], "texture": "#texture" }
    }
},
{
    "from": [ 6.875, 7.5, 4 ],
    "to": [ 8.375, 9.125, 5 ],
    "faces": {
        "down":  { "uv": [ 9.125, 5, 7.625, 4 ], "texture": "#texture" },
        "up":    { "uv": [ 6.875, 4, 8.375, 5 ], "texture": "#texture" },
        "north": { "uv": [ 8.375, 6.875, 6.875, 8.5 ], "texture": "#texture" },
        "south": { "uv": [ 6.875, 6.875, 8.375, 8.5 ], "texture": "#texture" },
        "west":  { "uv": [ 4, 6.875, 5, 8.5 ], "texture": "#texture" },
        "east":  { "uv": [ 5, 6.875, 4, 8.5 ], "texture": "#texture" }
    }
},
{
    "from": [ 10.0625, 7.625, 4 ],
    "to": [ 10.3125, 8.125, 5 ],
    "faces": {
        "down":  { "uv": [ 5.9375, 5, 5.6875, 4 ], "texture": "#texture" },
        "up":    { "uv": [ 10.0625, 4, 10.3125, 5 ], "texture": "#texture" },
        "north": { "uv": [ 10.3125, 7.875, 10.0625, 8.375 ], "texture": "#texture" },
        "south": { "uv": [ 10.0625, 7.875, 10.3125, 8.375 ], "texture": "#texture" },
        "west":  { "uv": [ 4, 7.875, 5, 8.375 ], "texture": "#texture" },
        "east":  { "uv": [ 5, 7.875, 4, 8.375 ], "texture": "#texture" }
    }
},
{
    "from": [ 10.0625, 7.9375, 4 ],
    "to": [ 10.5625, 8.1875, 5 ],
    "faces": {
        "down":  { "uv": [ 5.9375, 5, 5.4375, 4 ], "texture": "#texture" },
        "up":    { "uv": [ 10.0625, 4, 10.5625, 5 ], "texture": "#texture" },
        "north": { "uv": [ 10.5625, 7.8125, 10.0625, 8.0625 ], "texture": "#texture" },
        "south": { "uv": [ 10.0625, 7.8125, 10.5625, 8.0625 ], "texture": "#texture" },
        "west":  { "uv": [ 4, 7.8125, 5, 8.0625 ], "texture": "#texture" },
        "east":  { "uv": [ 5, 7.8125, 4, 8.0625 ], "texture": "#texture" }
    }
},
{
    "from": [ 10.5, 8.125, 4 ],
    "to": [ 10.75, 8.875, 5 ],
    "faces": {
        "down":  { "uv": [ 5.5, 5, 5.25, 4 ], "texture": "#texture" },
        "up":    { "uv": [ 10.5, 4, 10.75, 5 ], "texture": "#texture" },
        "north": { "uv": [ 10.75, 7.125, 10.5, 7.875 ], "texture": "#texture" },
        "south": { "uv": [ 10.5, 7.125, 10.75, 7.875 ], "texture": "#texture" },
        "west":  { "uv": [ 4, 7.125, 5, 7.875 ], "texture": "#texture" },
        "east":  { "uv": [ 5, 7.125, 4, 7.875 ], "texture": "#texture" }
    }
},
{
    "from": [ 8.375, 8.125, 4 ],
    "to": [ 10.5, 9.125, 5 ],
    "faces": {
        "down":  { "uv": [ 7.625, 5, 5.5, 4 ], "texture": "#texture" },
        "up":    { "uv": [ 8.375, 4, 10.5, 5 ], "texture": "#texture" },
        "north": { "uv": [ 10.5, 6.875, 8.375, 7.875 ], "texture": "#texture" },
        "south": { "uv": [ 8.375, 6.875, 10.5, 7.875 ], "texture": "#texture" },
        "west":  { "uv": [ 4, 6.875, 5, 7.875 ], "texture": "#texture" },
        "east":  { "uv": [ 5, 6.875, 4, 7.875 ], "texture": "#texture" }
    }
},
{
    "from": [ 9.625, 7.5, 4 ],
    "to": [ 10.25, 8.375, 5 ],
    "faces": {
        "down":  { "uv": [ 6.375, 5, 5.75, 4 ], "texture": "#texture" },
        "up":    { "uv": [ 9.625, 4, 10.25, 5 ], "texture": "#texture" },
        "north": { "uv": [ 10.25, 7.625, 9.625, 8.5 ], "texture": "#texture" },
        "south": { "uv": [ 9.625, 7.625, 10.25, 8.5 ], "texture": "#texture" },
        "west":  { "uv": [ 4, 7.625, 5, 8.5 ], "texture": "#texture" },
        "east":  { "uv": [ 5, 7.625, 4, 8.5 ], "texture": "#texture" }
    }
},
{
    "from": [ 6.875, 8.875, 4 ],
    "to": [ 10.5, 9.5, 5 ],
    "faces": {
        "down":  { "uv": [ 9.125, 5, 5.5, 4 ], "texture": "#texture" },
        "up":    { "uv": [ 6.875, 4, 10.5, 5 ], "texture": "#texture" },
        "north": { "uv": [ 10.5, 6.5, 6.875, 7.125 ], "texture": "#texture" },
        "south": { "uv": [ 6.875, 6.5, 10.5, 7.125 ], "texture": "#texture" },
        "west":  { "uv": [ 4, 6.5, 5, 7.125 ], "texture": "#texture" },
        "east":  { "uv": [ 5, 6.5, 4, 7.125 ], "texture": "#texture" }
    }
},
{
    "from": [ 10.5, 8.75, 4 ],
    "to": [ 10.75, 9.5, 5 ],
    "faces": {
        "down":  { "uv": [ 5.5, 5, 5.25, 4 ], "texture": "#texture" },
        "up":    { "uv": [ 10.5, 4, 10.75, 5 ], "texture": "#texture" },
        "north": { "uv": [ 10.75, 6.5, 10.5, 7.25 ], "texture": "#texture" },
        "south": { "uv": [ 10.5, 6.5, 10.75, 7.25 ], "texture": "#texture" },
        "west":  { "uv": [ 4, 6.5, 5, 7.25 ], "texture": "#texture" },
        "east":  { "uv": [ 5, 6.5, 4, 7.25 ], "texture": "#texture" }
    }
},
{
    "from": [ 10.75, 8.875, 4.25 ],
    "to": [ 15.125, 9.375, 4.875 ],
    "faces": {
        "down":  { "uv": [ 5.25, 4.875, 0.875, 4.25 ], "texture": "#texture" },
        "up":    { "uv": [ 10.75, 4.25, 15.125, 4.875 ], "texture": "#texture" },
        "north": { "uv": [ 15.125, 6.625, 10.75, 7.125 ], "texture": "#texture" },
        "south": { "uv": [ 10.75, 6.625, 15.125, 7.125 ], "texture": "#texture" },
        "west":  { "uv": [ 4.25, 6.625, 4.875, 7.125 ], "texture": "#texture" },
        "east":  { "uv": [ 4.875, 6.625, 4.25, 7.125 ], "texture": "#texture" }
    }
},
{
    "from": [ 12.125, 8.625, 4.125 ],
    "to": [ 16, 9.625, 5.125 ],
    "faces": {
        "down":  { "uv": [ 3.875, 5.125, 0, 4.125 ], "texture": "#texture" },
        "up":    { "uv": [ 12.125, 4.125, 16, 5.125 ], "texture": "#texture" },
        "north": { "uv": [ 16, 6.375, 12.125, 7.375 ], "texture": "#texture" },
        "south": { "uv": [ 12.125, 6.375, 16, 7.375 ], "texture": "#texture" },
        "west":  { "uv": [ 4.125, 6.375, 5.125, 7.375 ], "texture": "#texture" },
        "east":  { "uv": [ 5.125, 6.375, 4.125, 7.375 ], "texture": "#texture" }
    }
},
{
    "from": [ 15.625, 7.125, 4.375 ],
    "to": [ 16, 8.625, 4.875 ],
    "faces": {
        "down":  { "uv": [ 0.375, 4.875, 0, 4.375 ], "texture": "#texture" },
        "up":    { "uv": [ 15.625, 4.375, 16, 4.875 ], "texture": "#texture" },
        "north": { "uv": [ 16, 7.375, 15.625, 8.875 ], "texture": "#texture" },
        "south": { "uv": [ 15.625, 7.375, 16, 8.875 ], "texture": "#texture" },
        "west":  { "uv": [ 4.375, 7.375, 4.875, 8.875 ], "texture": "#texture" },
        "east":  { "uv": [ 4.875, 7.375, 4.375, 8.875 ], "texture": "#texture" }
    }
},
{
    "from": [ 12.25, 8.5, 4.5625 ],
    "to": [ 16.375, 8.875, 4.8125 ],
    "faces": {
        "down":  { "uv": [ 3.75, 4.8125, 0, 4.5625 ], "texture": "#texture" },
        "up":    { "uv": [ 12.25, 4.5625, 16, 4.8125 ], "texture": "#texture" },
        "north": { "uv": [ 16, 7.125, 12.25, 7.5 ], "texture": "#texture" },
        "south": { "uv": [ 12.25, 7.125, 16, 7.5 ], "texture": "#texture" },
        "west":  { "uv": [ 4.5625, 7.125, 4.8125, 7.5 ], "texture": "#texture" },
        "east":  { "uv": [ 4.8125, 7.125, 4.5625, 7.5 ], "texture": "#texture" }
    }
},
{
    "from": [ 6.51, 9.39, 4.22 ],
    "to": [ 6.96, 9.57, 4.67 ],
    "faces": {
        "down":  { "uv": [ 9.49, 4.67, 9.04, 4.22 ], "texture": "#texture" },
        "up":    { "uv": [ 6.5100002288818359, 4.2199997901916504, 6.9600000381469727, 4.6700000762939453 ], "texture": "#texture" },
        "north": { "uv": [ 6.9600000381469727, 6.429999828338623, 6.5100002288818359, 6.6100001335144043 ], "texture": "#texture" },
        "south": { "uv": [ 6.5100002288818359, 6.429999828338623, 6.9600000381469727, 6.6100001335144043 ], "texture": "#texture" },
        "west":  { "uv": [ 4.2199997901916504, 6.429999828338623, 4.6700000762939453, 6.6100001335144043 ], "texture": "#texture" },
        "east":  { "uv": [ 4.6700000762939453, 6.429999828338623, 4.2199997901916504, 6.6100001335144043 ], "texture": "#texture" }
    }
},
{
    "from": [ 6.51, 8.815, 4.22 ],
    "to": [ 6.96, 8.94, 4.595 ],
    "faces": {
        "down":  { "uv": [ 9.49, 4.595, 9.04, 4.22 ], "texture": "#texture" },
        "up":    { "uv": [ 6.5100002288818359, 4.2199997901916504, 6.9600000381469727, 4.5950002670288086 ], "texture": "#texture" },
        "north": { "uv": [ 6.9600000381469727, 7.059999942779541, 6.5100002288818359, 7.184999942779541 ], "texture": "#texture" },
        "south": { "uv": [ 6.5100002288818359, 7.059999942779541, 6.9600000381469727, 7.184999942779541 ], "texture": "#texture" },
        "west":  { "uv": [ 4.2199997901916504, 7.059999942779541, 4.5950002670288086, 7.184999942779541 ], "texture": "#texture" },
        "east":  { "uv": [ 4.5950002670288086, 7.059999942779541, 4.2199997901916504, 7.184999942779541 ], "texture": "#texture" }
    }
},
{
    "from": [ 6.51, 9.03, 4.76 ],
    "to": [ 6.96, 9.3, 4.94 ],
    "faces": {
        "down":  { "uv": [ 9.49, 4.94, 9.04, 4.76 ], "texture": "#texture" },
        "up":    { "uv": [ 6.5100002288818359, 4.7600002288818359, 6.9600000381469727, 4.940000057220459 ], "texture": "#texture" },
        "north": { "uv": [ 6.9600000381469727, 6.6999998092651367, 6.5100002288818359, 6.9700002670288086 ], "texture": "#texture" },
        "south": { "uv": [ 6.5100002288818359, 6.6999998092651367, 6.9600000381469727, 6.9700002670288086 ], "texture": "#texture" },
        "west":  { "uv": [ 4.7600002288818359, 6.6999998092651367, 4.940000057220459, 6.9700002670288086 ], "texture": "#texture" },
        "east":  { "uv": [ 4.940000057220459, 6.6999998092651367, 4.7600002288818359, 6.9700002670288086 ], "texture": "#texture" }
    }
},
{
    "from": [ 6.51, 9.03, 4.04 ],
    "to": [ 6.96, 9.3, 4.22 ],
    "faces": {
        "down":  { "uv": [ 9.49, 4.22, 9.04, 4.04 ], "texture": "#texture" },
        "up":    { "uv": [ 6.5100002288818359, 4.0399999618530273, 6.9600000381469727, 4.2199997901916504 ], "texture": "#texture" },
        "north": { "uv": [ 6.9600000381469727, 6.6999998092651367, 6.5100002288818359, 6.9700002670288086 ], "texture": "#texture" },
        "south": { "uv": [ 6.5100002288818359, 6.6999998092651367, 6.9600000381469727, 6.9700002670288086 ], "texture": "#texture" },
        "west":  { "uv": [ 4.0399999618530273, 6.6999998092651367, 4.2199997901916504, 6.9700002670288086 ], "texture": "#texture" },
        "east":  { "uv": [ 4.2199997901916504, 6.6999998092651367, 4.0399999618530273, 6.9700002670288086 ], "texture": "#texture" }
    }
},
{
    "from": [ 6.51, 9.255, 4.22 ],
    "to": [ 6.96, 9.525, 4.4 ],
    "faces": {
        "down":  { "uv": [ 9.49, 4.4, 9.04, 4.22 ], "texture": "#texture" },
        "up":    { "uv": [ 6.5100002288818359, 4.2199997901916504, 6.9600000381469727, 4.4000000953674316 ], "texture": "#texture" },
        "north": { "uv": [ 6.9600000381469727, 6.4749999046325684, 6.5100002288818359, 6.744999885559082 ], "texture": "#texture" },
        "south": { "uv": [ 6.5100002288818359, 6.4749999046325684, 6.9600000381469727, 6.744999885559082 ], "texture": "#texture" },
        "west":  { "uv": [ 4.2199997901916504, 6.4749999046325684, 4.4000000953674316, 6.744999885559082 ], "texture": "#texture" },
        "east":  { "uv": [ 4.4000000953674316, 6.4749999046325684, 4.2199997901916504, 6.744999885559082 ], "texture": "#texture" }
    }
},
{
    "from": [ 6.51, 9.12, 4.58 ],
    "to": [ 6.96, 9.39, 4.76 ],
    "faces": {
        "down":  { "uv": [ 9.49, 4.76, 9.04, 4.58 ], "texture": "#texture" },
        "up":    { "uv": [ 6.5100002288818359, 4.5799999237060547, 6.9600000381469727, 4.7600002288818359 ], "texture": "#texture" },
        "north": { "uv": [ 6.9600000381469727, 6.6100001335144043, 6.5100002288818359, 6.880000114440918 ], "texture": "#texture" },
        "south": { "uv": [ 6.5100002288818359, 6.6100001335144043, 6.9600000381469727, 6.880000114440918 ], "texture": "#texture" },
        "west":  { "uv": [ 4.5799999237060547, 6.6100001335144043, 4.7600002288818359, 6.880000114440918 ], "texture": "#texture" },
        "east":  { "uv": [ 4.7600002288818359, 6.6100001335144043, 4.5799999237060547, 6.880000114440918 ], "texture": "#texture" }
    }
},
{
    "from": [ 6.51, 8.805, 4.04 ],
    "to": [ 6.96, 9.075, 4.22 ],
    "faces": {
        "down":  { "uv": [ 9.49, 4.22, 9.04, 4.04 ], "texture": "#texture" },
        "up":    { "uv": [ 6.5100002288818359, 4.0399999618530273, 6.9600000381469727, 4.2199997901916504 ], "texture": "#texture" },
        "north": { "uv": [ 6.9600000381469727, 6.9250001907348633, 6.5100002288818359, 7.195000171661377 ], "texture": "#texture" },
        "south": { "uv": [ 6.5100002288818359, 6.9250001907348633, 6.9600000381469727, 7.195000171661377 ], "texture": "#texture" },
        "west":  { "uv": [ 4.0399999618530273, 6.9250001907348633, 4.2199997901916504, 7.195000171661377 ], "texture": "#texture" },
        "east":  { "uv": [ 4.2199997901916504, 6.9250001907348633, 4.0399999618530273, 7.195000171661377 ], "texture": "#texture" }
    }
},
{
    "from": [ 6.51, 8.85, 4.805 ],
    "to": [ 6.96, 9.12, 4.985 ],
    "faces": {
        "down":  { "uv": [ 9.49, 4.985, 9.04, 4.805 ], "texture": "#texture" },
        "up":    { "uv": [ 6.5100002288818359, 4.804999828338623, 6.9600000381469727, 4.9850001335144043 ], "texture": "#texture" },
        "north": { "uv": [ 6.9600000381469727, 6.880000114440918, 6.5100002288818359, 7.1500000953674316 ], "texture": "#texture" },
        "south": { "uv": [ 6.5100002288818359, 6.880000114440918, 6.9600000381469727, 7.1500000953674316 ], "texture": "#texture" },
        "west":  { "uv": [ 4.804999828338623, 6.880000114440918, 4.9850001335144043, 7.1500000953674316 ], "texture": "#texture" },
        "east":  { "uv": [ 4.9850001335144043, 6.880000114440918, 4.804999828338623, 7.1500000953674316 ], "texture": "#texture" }
    }
},
{
    "from": [ 5.715, 9.525, 3.98 ],
    "to": [ 6.54, 9.855, 4.805 ],
    "faces": {
        "down":  { "uv": [ 10.285, 4.805, 9.46, 3.98 ], "texture": "#texture" },
        "up":    { "uv": [ 5.7150001525878906, 3.9800000190734863, 6.5399999618530273, 4.804999828338623 ], "texture": "#texture" },
        "north": { "uv": [ 6.5399999618530273, 6.1449999809265137, 5.7150001525878906, 6.4749999046325684 ], "texture": "#texture" },
        "south": { "uv": [ 5.7150001525878906, 6.1449999809265137, 6.5399999618530273, 6.4749999046325684 ], "texture": "#texture" },
        "west":  { "uv": [ 3.9800000190734863, 6.1449999809265137, 4.804999828338623, 6.4749999046325684 ], "texture": "#texture" },
        "east":  { "uv": [ 4.804999828338623, 6.1449999809265137, 3.9800000190734863, 6.4749999046325684 ], "texture": "#texture" }
    }
},
{
    "from": [ 5.715, 9.305, 3.98 ],
    "to": [ 6.54, 9.8, 4.31 ],
    "faces": {
        "down":  { "uv": [ 10.285, 4.31, 9.46, 3.98 ], "texture": "#texture" },
        "up":    { "uv": [ 5.7150001525878906, 3.9800000190734863, 6.5399999618530273, 4.309999942779541 ], "texture": "#texture" },
        "north": { "uv": [ 6.5399999618530273, 6.1999998092651367, 5.7150001525878906, 6.695000171661377 ], "texture": "#texture" },
        "south": { "uv": [ 5.7150001525878906, 6.1999998092651367, 6.5399999618530273, 6.695000171661377 ], "texture": "#texture" },
        "west":  { "uv": [ 3.9800000190734863, 6.1999998092651367, 4.309999942779541, 6.695000171661377 ], "texture": "#texture" },
        "east":  { "uv": [ 4.309999942779541, 6.1999998092651367, 3.9800000190734863, 6.695000171661377 ], "texture": "#texture" }
    }
},
{
    "from": [ 5.715, 9.085, 4.585 ],
    "to": [ 6.54, 9.58, 4.915 ],
    "faces": {
        "down":  { "uv": [ 10.285, 4.915, 9.46, 4.585 ], "texture": "#texture" },
        "up":    { "uv": [ 5.7150001525878906, 4.5850000381469727, 6.5399999618530273, 4.9149999618530273 ], "texture": "#texture" },
        "north": { "uv": [ 6.5399999618530273, 6.4200000762939453, 5.7150001525878906, 6.9149999618530273 ], "texture": "#texture" },
        "south": { "uv": [ 5.7150001525878906, 6.4200000762939453, 6.5399999618530273, 6.9149999618530273 ], "texture": "#texture" },
        "west":  { "uv": [ 4.5850000381469727, 6.4200000762939453, 4.9149999618530273, 6.9149999618530273 ], "texture": "#texture" },
        "east":  { "uv": [ 4.9149999618530273, 6.4200000762939453, 4.5850000381469727, 6.9149999618530273 ], "texture": "#texture" }
    }
},
{
    "from": [ 5.715, 8.81, 3.65 ],
    "to": [ 6.54, 9.47, 3.98 ],
    "faces": {
        "down":  { "uv": [ 10.285, 3.98, 9.46, 3.65 ], "texture": "#texture" },
        "up":    { "uv": [ 5.7150001525878906, 3.6500000953674316, 6.5399999618530273, 3.9800000190734863 ], "texture": "#texture" },
        "north": { "uv": [ 6.5399999618530273, 6.5299997329711914, 5.7150001525878906, 7.190000057220459 ], "texture": "#texture" },
        "south": { "uv": [ 5.7150001525878906, 6.5299997329711914, 6.5399999618530273, 7.190000057220459 ], "texture": "#texture" },
        "west":  { "uv": [ 3.6500000953674316, 6.5299997329711914, 3.9800000190734863, 7.190000057220459 ], "texture": "#texture" },
        "east":  { "uv": [ 3.9800000190734863, 6.5299997329711914, 3.6500000953674316, 7.190000057220459 ], "texture": "#texture" }
    }
},
{
    "from": [ 5.715, 8.81, 4.86 ],
    "to": [ 6.54, 9.47, 5.19 ],
    "faces": {
        "down":  { "uv": [ 10.285, 5.19, 9.46, 4.86 ], "texture": "#texture" },
        "up":    { "uv": [ 5.7150001525878906, 4.8600001335144043, 6.5399999618530273, 5.190000057220459 ], "texture": "#texture" },
        "north": { "uv": [ 6.5399999618530273, 6.5299997329711914, 5.7150001525878906, 7.190000057220459 ], "texture": "#texture" },
        "south": { "uv": [ 5.7150001525878906, 6.5299997329711914, 6.5399999618530273, 7.190000057220459 ], "texture": "#texture" },
        "west":  { "uv": [ 4.8600001335144043, 6.5299997329711914, 5.190000057220459, 7.190000057220459 ], "texture": "#texture" },
        "east":  { "uv": [ 5.190000057220459, 6.5299997329711914, 4.8600001335144043, 7.190000057220459 ], "texture": "#texture" }
    }
},
{
    "from": [ 5.715, 8.425, 3.65 ],
    "to": [ 6.54, 8.92, 3.98 ],
    "faces": {
        "down":  { "uv": [ 10.285, 3.98, 9.46, 3.65 ], "texture": "#texture" },
        "up":    { "uv": [ 5.7150001525878906, 3.6500000953674316, 6.5399999618530273, 3.9800000190734863 ], "texture": "#texture" },
        "north": { "uv": [ 6.5399999618530273, 7.0799999237060547, 5.7150001525878906, 7.5749998092651367 ], "texture": "#texture" },
        "south": { "uv": [ 5.7150001525878906, 7.0799999237060547, 6.5399999618530273, 7.5749998092651367 ], "texture": "#texture" },
        "west":  { "uv": [ 3.6500000953674316, 7.0799999237060547, 3.9800000190734863, 7.5749998092651367 ], "texture": "#texture" },
        "east":  { "uv": [ 3.9800000190734863, 7.0799999237060547, 3.6500000953674316, 7.5749998092651367 ], "texture": "#texture" }
    }
},
{
    "from": [ 5.75, 8.505, 5 ],
    "to": [ 6.625, 9, 5.33 ],
    "faces": {
        "down":  { "uv": [ 10.25, 5.33, 9.375, 5 ], "texture": "#texture" },
        "up":    { "uv": [ 5.75, 5, 6.625, 5.3299999237060547 ], "texture": "#texture" },
        "north": { "uv": [ 6.625, 7, 5.75, 7.494999885559082 ], "texture": "#texture" },
        "south": { "uv": [ 5.75, 7, 6.625, 7.494999885559082 ], "texture": "#texture" },
        "west":  { "uv": [ 5, 7, 5.3299999237060547, 7.494999885559082 ], "texture": "#texture" },
        "east":  { "uv": [ 5.3299999237060547, 7, 5, 7.494999885559082 ], "texture": "#texture" }
    }
},
{
    "from": [ 5.715, 8.45, 3.87 ],
    "to": [ 6.465, 8.7, 4.86 ],
    "faces": {
        "down":  { "uv": [ 10.285, 4.86, 9.535, 3.87 ], "texture": "#texture" },
        "up":    { "uv": [ 5.7150001525878906, 3.869999885559082, 6.4650001525878906, 4.8600001335144043 ], "texture": "#texture" },
        "north": { "uv": [ 6.4650001525878906, 7.3000001907348633, 5.7150001525878906, 7.5500001907348633 ], "texture": "#texture" },
        "south": { "uv": [ 5.7150001525878906, 7.3000001907348633, 6.4650001525878906, 7.5500001907348633 ], "texture": "#texture" },
        "west":  { "uv": [ 3.869999885559082, 7.3000001907348633, 4.8600001335144043, 7.5500001907348633 ], "texture": "#texture" },
        "east":  { "uv": [ 4.8600001335144043, 7.3000001907348633, 3.869999885559082, 7.5500001907348633 ], "texture": "#texture" }
    }
},
{
    "from": [ 2.75, 9.4825, 4 ],
    "to": [ 5.75, 9.8125, 4.8125 ],
    "faces": {
        "down":  { "uv": [ 13.25, 4.8125, 10.25, 4 ], "texture": "#texture" },
        "up":    { "uv": [ 2.75, 4, 5.75, 4.8125 ], "texture": "#texture" },
        "north": { "uv": [ 5.75, 6.1875, 2.75, 6.5174999237060547 ], "texture": "#texture" },
        "south": { "uv": [ 2.75, 6.1875, 5.75, 6.5174999237060547 ], "texture": "#texture" },
        "west":  { "uv": [ 4, 6.1875, 4.8125, 6.5174999237060547 ], "texture": "#texture" },
        "east":  { "uv": [ 4.8125, 6.1875, 4, 6.5174999237060547 ], "texture": "#texture" }
    }
},
{
    "from": [ 2.75, 9.3175, 4 ],
    "to": [ 5.75, 9.8125, 4.33 ],
    "faces": {
        "down":  { "uv": [ 13.25, 4.33, 10.25, 4 ], "texture": "#texture" },
        "up":    { "uv": [ 2.75, 4, 5.75, 4.3299999237060547 ], "texture": "#texture" },
        "north": { "uv": [ 5.75, 6.1875, 2.75, 6.682499885559082 ], "texture": "#texture" },
        "south": { "uv": [ 2.75, 6.1875, 5.75, 6.682499885559082 ], "texture": "#texture" },
        "west":  { "uv": [ 4, 6.1875, 4.3299999237060547, 6.682499885559082 ], "texture": "#texture" },
        "east":  { "uv": [ 4.3299999237060547, 6.1875, 4, 6.682499885559082 ], "texture": "#texture" }
    }
},
{
    "from": [ 2.715, 9.085, 4.585 ],
    "to": [ 5.84, 9.58, 4.915 ],
    "faces": {
        "down":  { "uv": [ 13.285, 4.915, 10.16, 4.585 ], "texture": "#texture" },
        "up":    { "uv": [ 2.7149999141693115, 4.5850000381469727, 5.8400001525878906, 4.9149999618530273 ], "texture": "#texture" },
        "north": { "uv": [ 5.8400001525878906, 6.4200000762939453, 2.7149999141693115, 6.9149999618530273 ], "texture": "#texture" },
        "south": { "uv": [ 2.7149999141693115, 6.4200000762939453, 5.8400001525878906, 6.9149999618530273 ], "texture": "#texture" },
        "west":  { "uv": [ 4.5850000381469727, 6.4200000762939453, 4.9149999618530273, 6.9149999618530273 ], "texture": "#texture" },
        "east":  { "uv": [ 4.9149999618530273, 6.4200000762939453, 4.5850000381469727, 6.9149999618530273 ], "texture": "#texture" }
    }
},
{
    "from": [ 2.75, 8.7775, 3.6875 ],
    "to": [ 6.375, 9.4375, 4.0625 ],
    "faces": {
        "down":  { "uv": [ 13.25, 4.0625, 9.625, 3.6875 ], "texture": "#texture" },
        "up":    { "uv": [ 2.75, 3.6875, 6.375, 4.0625 ], "texture": "#texture" },
        "north": { "uv": [ 6.375, 6.5625, 2.75, 7.2224998474121094 ], "texture": "#texture" },
        "south": { "uv": [ 2.75, 6.5625, 6.375, 7.2224998474121094 ], "texture": "#texture" },
        "west":  { "uv": [ 3.6875, 6.5625, 4.0625, 7.2224998474121094 ], "texture": "#texture" },
        "east":  { "uv": [ 4.0625, 6.5625, 3.6875, 7.2224998474121094 ], "texture": "#texture" }
    }
},
{
    "from": [ 2.715, 8.845, 4.86 ],
    "to": [ 5.84, 9.47, 5.19 ],
    "faces": {
        "down":  { "uv": [ 13.285, 5.19, 10.16, 4.86 ], "texture": "#texture" },
        "up":    { "uv": [ 2.7149999141693115, 4.8600001335144043, 5.8400001525878906, 5.190000057220459 ], "texture": "#texture" },
        "north": { "uv": [ 5.8400001525878906, 6.5299997329711914, 2.7149999141693115, 7.1550002098083496 ], "texture": "#texture" },
        "south": { "uv": [ 2.7149999141693115, 6.5299997329711914, 5.8400001525878906, 7.1550002098083496 ], "texture": "#texture" },
        "west":  { "uv": [ 4.8600001335144043, 6.5299997329711914, 5.190000057220459, 7.1550002098083496 ], "texture": "#texture" },
        "east":  { "uv": [ 5.190000057220459, 6.5299997329711914, 4.8600001335144043, 7.1550002098083496 ], "texture": "#texture" }
    }
},
{
    "from": [ 2.6875, 8.4425, 3.6875 ],
    "to": [ 6.5, 8.9375, 4.0175 ],
    "faces": {
        "down":  { "uv": [ 13.3125, 4.0175, 9.5, 3.6875 ], "texture": "#texture" },
        "up":    { "uv": [ 2.6875, 3.6875, 6.5, 4.0174999237060547 ], "texture": "#texture" },
        "north": { "uv": [ 6.5, 7.0625, 2.6875, 7.557499885559082 ], "texture": "#texture" },
        "south": { "uv": [ 2.6875, 7.0625, 6.5, 7.557499885559082 ], "texture": "#texture" },
        "west":  { "uv": [ 3.6875, 7.0625, 4.0174999237060547, 7.557499885559082 ], "texture": "#texture" },
        "east":  { "uv": [ 4.0174999237060547, 7.0625, 3.6875, 7.557499885559082 ], "texture": "#texture" }
    }
},
{
    "from": [ 2.715, 8.535, 4.97 ],
    "to": [ 5.715, 9.03, 5.3 ],
    "faces": {
        "down":  { "uv": [ 13.285, 5.3, 10.285, 4.97 ], "texture": "#texture" },
        "up":    { "uv": [ 2.7149999141693115, 4.9700002670288086, 5.7150001525878906, 5.3000001907348633 ], "texture": "#texture" },
        "north": { "uv": [ 5.7150001525878906, 6.9700002670288086, 2.7149999141693115, 7.4650001525878906 ], "texture": "#texture" },
        "south": { "uv": [ 2.7149999141693115, 6.9700002670288086, 5.7150001525878906, 7.4650001525878906 ], "texture": "#texture" },
        "west":  { "uv": [ 4.9700002670288086, 6.9700002670288086, 5.3000001907348633, 7.4650001525878906 ], "texture": "#texture" },
        "east":  { "uv": [ 5.3000001907348633, 6.9700002670288086, 4.9700002670288086, 7.4650001525878906 ], "texture": "#texture" }
    }
},
{
    "from": [ 2.715, 8.45, 3.87 ],
    "to": [ 5.84, 8.7, 4.86 ],
    "faces": {
        "down":  { "uv": [ 13.285, 4.86, 10.16, 3.87 ], "texture": "#texture" },
        "up":    { "uv": [ 2.7149999141693115, 3.869999885559082, 5.8400001525878906, 4.8600001335144043 ], "texture": "#texture" },
        "north": { "uv": [ 5.8400001525878906, 7.3000001907348633, 2.7149999141693115, 7.5500001907348633 ], "texture": "#texture" },
        "south": { "uv": [ 2.7149999141693115, 7.3000001907348633, 5.8400001525878906, 7.5500001907348633 ], "texture": "#texture" },
        "west":  { "uv": [ 3.869999885559082, 7.3000001907348633, 4.8600001335144043, 7.5500001907348633 ], "texture": "#texture" },
        "east":  { "uv": [ 4.8600001335144043, 7.3000001907348633, 3.869999885559082, 7.5500001907348633 ], "texture": "#texture" }
    }
},
{
    "from": [ 2.75, 8.5, 4 ],
    "to": [ 5.75, 9.5, 4.875 ],
    "faces": {
        "down":  { "uv": [ 13.25, 4.875, 10.25, 4 ], "texture": "#texture" },
        "up":    { "uv": [ 2.75, 4, 5.75, 4.875 ], "texture": "#texture" },
        "north": { "uv": [ 5.75, 6.5, 2.75, 7.5 ], "texture": "#texture" },
        "south": { "uv": [ 2.75, 6.5, 5.75, 7.5 ], "texture": "#texture" },
        "west":  { "uv": [ 4, 6.5, 4.875, 7.5 ], "texture": "#texture" },
        "east":  { "uv": [ 4.875, 6.5, 4, 7.5 ], "texture": "#texture" }
    }
},
{
    "from": [ 0.875, 9.0625, 4.1875 ],
    "to": [ 3.25, 9.4375, 4.625 ],
    "faces": {
        "down":  { "uv": [ 15.125, 4.625, 12.75, 4.1875 ], "texture": "#texture" },
        "up":    { "uv": [ 0.875, 4.1875, 3.25, 4.625 ], "texture": "#texture" },
        "north": { "uv": [ 3.25, 6.5625, 0.875, 7 ], "texture": "#texture" },
        "south": { "uv": [ 0.875, 6.5625, 3.25, 7 ], "texture": "#texture" },
        "west":  { "uv": [ 4.1875, 6.5625, 4.625, 7 ], "texture": "#texture" },
        "east":  { "uv": [ 4.625, 6.5625, 4.1875, 7 ], "texture": "#texture" }
    }
},
{
    "from": [ 0, 9.25, 4.1875 ],
    "to": [ 1.125, 9.5, 4.625 ],
    "faces": {
        "down":  { "uv": [ 16, 4.625, 14.875, 4.1875 ], "texture": "#texture" },
        "up":    { "uv": [ 0, 4.1875, 1.125, 4.625 ], "texture": "#texture" },
        "north": { "uv": [ 1.125, 6.5, 0, 6.75 ], "texture": "#texture" },
        "south": { "uv": [ 0, 6.5, 1.125, 6.75 ], "texture": "#texture" },
        "west":  { "uv": [ 4.1875, 6.5, 4.625, 6.75 ], "texture": "#texture" },
        "east":  { "uv": [ 4.625, 6.5, 4.1875, 6.75 ], "texture": "#texture" }
    }
},
{
    "from": [ 1.6875, 10.0625, 4.375 ],
    "to": [ 2.9375, 10.3125, 4.625 ],
    "faces": {
        "down":  { "uv": [ 13.9375, 4.625, 13.3125, 4.375 ], "texture": "#texture" },
        "up":    { "uv": [ 2.0625, 4.375, 2.6875, 4.625 ], "texture": "#texture" },
        "north": { "uv": [ 2.6875, 5.6875, 2.0625, 5.9375 ], "texture": "#texture" },
        "south": { "uv": [ 2.0625, 5.6875, 2.6875, 5.9375 ], "texture": "#texture" },
        "west":  { "uv": [ 4.375, 5.6875, 4.625, 5.9375 ], "texture": "#texture" },
        "east":  { "uv": [ 4.625, 5.6875, 4.375, 5.9375 ], "texture": "#texture" }
    }
},
{
    "from": [ 1.5, 9.375, 4.375 ],
    "to": [ 1.75, 10.25, 4.625 ],
    "faces": {
        "down":  { "uv": [ 14.5, 4.625, 14.25, 4.375 ], "texture": "#texture" },
        "up":    { "uv": [ 1.5, 4.375, 1.75, 4.625 ], "texture": "#texture" },
        "north": { "uv": [ 1.75, 5.875, 1.5, 6.75 ], "texture": "#texture" },
        "south": { "uv": [ 1.5, 5.875, 1.75, 6.75 ], "texture": "#texture" },
        "west":  { "uv": [ 4.375, 5.875, 4.625, 6.75 ], "texture": "#texture" },
        "east":  { "uv": [ 4.625, 5.875, 4.375, 6.75 ], "texture": "#texture" }
    }
},
{
    "from": [ 2.125, 8.875, 4.1875 ],
    "to": [ 2.5, 9.625, 4.8125 ],
    "faces": {
        "down":  { "uv": [ 13.875, 4.8125, 13.5, 4.1875 ], "texture": "#texture" },
        "up":    { "uv": [ 2.125, 4.1875, 2.5, 4.8125 ], "texture": "#texture" },
        "north": { "uv": [ 2.5, 6.375, 2.125, 7.125 ], "texture": "#texture" },
        "south": { "uv": [ 2.125, 6.375, 2.5, 7.125 ], "texture": "#texture" },
        "west":  { "uv": [ 4.1875, 6.375, 4.8125, 7.125 ], "texture": "#texture" },
        "east":  { "uv": [ 4.8125, 6.375, 4.1875, 7.125 ], "texture": "#texture" }
    }
},
{
    "from": [ 1.375, 8.875, 4.1875 ],
    "to": [ 1.75, 9.625, 4.8125 ],
    "faces": {
        "down":  { "uv": [ 14.625, 4.8125, 14.25, 4.1875 ], "texture": "#texture" },
        "up":    { "uv": [ 1.375, 4.1875, 1.75, 4.8125 ], "texture": "#texture" },
        "north": { "uv": [ 1.75, 6.375, 1.375, 7.125 ], "texture": "#texture" },
        "south": { "uv": [ 1.375, 6.375, 1.75, 7.125 ], "texture": "#texture" },
        "west":  { "uv": [ 4.1875, 6.375, 4.8125, 7.125 ], "texture": "#texture" },
        "east":  { "uv": [ 4.8125, 6.375, 4.1875, 7.125 ], "texture": "#texture" }
    }
},
{
    "from": [ 6.875, 9.125, 4.1875 ],
    "to": [ 10.5, 9.75, 4.8125 ],
    "faces": {
        "down":  { "uv": [ 9.125, 4.8125, 5.5, 4.1875 ], "texture": "#texture" },
        "up":    { "uv": [ 6.875, 4.1875, 10.5, 4.8125 ], "texture": "#texture" },
        "north": { "uv": [ 10.5, 6.25, 6.875, 6.875 ], "texture": "#texture" },
        "south": { "uv": [ 6.875, 6.25, 10.5, 6.875 ], "texture": "#texture" },
        "west":  { "uv": [ 4.1875, 6.25, 4.8125, 6.875 ], "texture": "#texture" },
        "east":  { "uv": [ 4.8125, 6.25, 4.1875, 6.875 ], "texture": "#texture" }
    }
},
{
    "from": [ 7.125, 9.25, 4.3125 ],
    "to": [ 7.375, 9.875, 4.875 ],
    "faces": {
        "down":  { "uv": [ 8.875, 4.875, 8.625, 4.3125 ], "texture": "#texture" },
        "up":    { "uv": [ 7.125, 4.3125, 7.375, 4.875 ], "texture": "#texture" },
        "north": { "uv": [ 7.375, 6.125, 7.125, 6.75 ], "texture": "#texture" },
        "south": { "uv": [ 7.125, 6.125, 7.375, 6.75 ], "texture": "#texture" },
        "west":  { "uv": [ 4.3125, 6.125, 4.875, 6.75 ], "texture": "#texture" },
        "east":  { "uv": [ 4.875, 6.125, 4.3125, 6.75 ], "texture": "#texture" }
    }
},
{
    "from": [ 9, 7.75, 4 ],
    "to": [ 9.125, 8, 5 ],
    "faces": {
        "down":  { "uv": [ 7, 5, 6.875, 4 ], "texture": "#texture" },
        "up":    { "uv": [ 9, 4, 9.125, 5 ], "texture": "#texture" },
        "north": { "uv": [ 9.125, 8, 9, 8.25 ], "texture": "#texture" },
        "south": { "uv": [ 9, 8, 9.125, 8.25 ], "texture": "#texture" },
        "west":  { "uv": [ 4, 8, 5, 8.25 ], "texture": "#texture" },
        "east":  { "uv": [ 5, 8, 4, 8.25 ], "texture": "#texture" }
    }
},
{
    "from": [ 9, 7.5625, 4 ],
    "to": [ 9.125, 7.8125, 5 ],
    "faces": {
        "down":  { "uv": [ 7, 5, 6.875, 4 ], "texture": "#texture" },
        "up":    { "uv": [ 9, 4, 9.125, 5 ], "texture": "#texture" },
        "north": { "uv": [ 9.125, 8.1875, 9, 8.4375 ], "texture": "#texture" },
        "south": { "uv": [ 9, 8.1875, 9.125, 8.4375 ], "texture": "#texture" },
        "west":  { "uv": [ 4, 8.1875, 5, 8.4375 ], "texture": "#texture" },
        "east":  { "uv": [ 5, 8.1875, 4, 8.4375 ], "texture": "#texture" }
    }
},
{
    "from": [ 7.5, 9.25, 4.3125 ],
    "to": [ 7.75, 9.875, 4.875 ],
    "faces": {
        "down":  { "uv": [ 8.5, 4.875, 8.25, 4.3125 ], "texture": "#texture" },
        "up":    { "uv": [ 7.5, 4.3125, 7.75, 4.875 ], "texture": "#texture" },
        "north": { "uv": [ 7.75, 6.125, 7.5, 6.75 ], "texture": "#texture" },
        "south": { "uv": [ 7.5, 6.125, 7.75, 6.75 ], "texture": "#texture" },
        "west":  { "uv": [ 4.3125, 6.125, 4.875, 6.75 ], "texture": "#texture" },
        "east":  { "uv": [ 4.875, 6.125, 4.3125, 6.75 ], "texture": "#texture" }
    }
},
{
    "from": [ 8, 9.25, 4.3125 ],
    "to": [ 8.25, 9.875, 4.875 ],
    "faces": {
        "down":  { "uv": [ 8, 4.875, 7.75, 4.3125 ], "texture": "#texture" },
        "up":    { "uv": [ 8, 4.3125, 8.25, 4.875 ], "texture": "#texture" },
        "north": { "uv": [ 8.25, 6.125, 8, 6.75 ], "texture": "#texture" },
        "south": { "uv": [ 8, 6.125, 8.25, 6.75 ], "texture": "#texture" },
        "west":  { "uv": [ 4.3125, 6.125, 4.875, 6.75 ], "texture": "#texture" },
        "east":  { "uv": [ 4.875, 6.125, 4.3125, 6.75 ], "texture": "#texture" }
    }
},
{
    "from": [ 8.5, 9.25, 4.3125 ],
    "to": [ 8.75, 9.875, 4.875 ],
    "faces": {
        "down":  { "uv": [ 7.5, 4.875, 7.25, 4.3125 ], "texture": "#texture" },
        "up":    { "uv": [ 8.5, 4.3125, 8.75, 4.875 ], "texture": "#texture" },
        "north": { "uv": [ 8.75, 6.125, 8.5, 6.75 ], "texture": "#texture" },
        "south": { "uv": [ 8.5, 6.125, 8.75, 6.75 ], "texture": "#texture" },
        "west":  { "uv": [ 4.3125, 6.125, 4.875, 6.75 ], "texture": "#texture" },
        "east":  { "uv": [ 4.875, 6.125, 4.3125, 6.75 ], "texture": "#texture" }
    }
},
{
    "from": [ 8.875, 9.25, 4.3125 ],
    "to": [ 9.125, 9.875, 4.875 ],
    "faces": {
        "down":  { "uv": [ 7.125, 4.875, 6.875, 4.3125 ], "texture": "#texture" },
        "up":    { "uv": [ 8.875, 4.3125, 9.125, 4.875 ], "texture": "#texture" },
        "north": { "uv": [ 9.125, 6.125, 8.875, 6.75 ], "texture": "#texture" },
        "south": { "uv": [ 8.875, 6.125, 9.125, 6.75 ], "texture": "#texture" },
        "west":  { "uv": [ 4.3125, 6.125, 4.875, 6.75 ], "texture": "#texture" },
        "east":  { "uv": [ 4.875, 6.125, 4.3125, 6.75 ], "texture": "#texture" }
    }
},
{
    "from": [ 9.25, 9.25, 4.3125 ],
    "to": [ 9.5, 9.875, 4.875 ],
    "faces": {
        "down":  { "uv": [ 6.75, 4.875, 6.5, 4.3125 ], "texture": "#texture" },
        "up":    { "uv": [ 9.25, 4.3125, 9.5, 4.875 ], "texture": "#texture" },
        "north": { "uv": [ 9.5, 6.125, 9.25, 6.75 ], "texture": "#texture" },
        "south": { "uv": [ 9.25, 6.125, 9.5, 6.75 ], "texture": "#texture" },
        "west":  { "uv": [ 4.3125, 6.125, 4.875, 6.75 ], "texture": "#texture" },
        "east":  { "uv": [ 4.875, 6.125, 4.3125, 6.75 ], "texture": "#texture" }
    }
},
{
    "from": [ 9.625, 9.25, 4.3125 ],
    "to": [ 9.875, 9.875, 4.875 ],
    "faces": {
        "down":  { "uv": [ 6.375, 4.875, 6.125, 4.3125 ], "texture": "#texture" },
        "up":    { "uv": [ 9.625, 4.3125, 9.875, 4.875 ], "texture": "#texture" },
        "north": { "uv": [ 9.875, 6.125, 9.625, 6.75 ], "texture": "#texture" },
        "south": { "uv": [ 9.625, 6.125, 9.875, 6.75 ], "texture": "#texture" },
        "west":  { "uv": [ 4.3125, 6.125, 4.875, 6.75 ], "texture": "#texture" },
        "east":  { "uv": [ 4.875, 6.125, 4.3125, 6.75 ], "texture": "#texture" }
    }
},
{
    "from": [ 7.0625, 9.125, 4.6875 ],
    "to": [ 8.1875, 9.75, 4.9375 ],
    "faces": {
        "down":  { "uv": [ 8.9375, 4.9375, 7.8125, 4.6875 ], "texture": "#texture" },
        "up":    { "uv": [ 7.0625, 4.6875, 8.1875, 4.9375 ], "texture": "#texture" },
        "north": { "uv": [ 8.1875, 6.25, 7.0625, 6.875 ], "texture": "#texture" },
        "south": { "uv": [ 7.0625, 6.25, 8.1875, 6.875 ], "texture": "#texture" },
        "west":  { "uv": [ 4.6875, 6.25, 4.9375, 6.875 ], "texture": "#texture" },
        "east":  { "uv": [ 4.9375, 6.25, 4.6875, 6.875 ], "texture": "#texture" }
    }
},
{
    "from": [ 0, 9, 4.25 ],
    "to": [ 1.125, 9.125, 4.625 ],
    "faces": {
        "down":  { "uv": [ 16, 4.625, 14.875, 4.25 ], "texture": "#texture" },
        "up":    { "uv": [ 0, 4.25, 1.125, 4.625 ], "texture": "#texture" },
        "north": { "uv": [ 1.125, 6.875, 0, 7.125 ], "texture": "#texture" },
        "south": { "uv": [ 0, 6.875, 1.125, 7.125 ], "texture": "#texture" },
        "west":  { "uv": [ 4.25, 6.875, 4.625, 7.125 ], "texture": "#texture" },
        "east":  { "uv": [ 4.625, 6.875, 4.25, 7.125 ], "texture": "#texture" }
    }
},
{
    "from": [ 0, 9, 4.5 ],
    "to": [ 1.125, 9.25, 4.625 ],
    "faces": {
        "down":  { "uv": [ 16, 4.625, 14.875, 4.5 ], "texture": "#texture" },
        "up":    { "uv": [ 0, 4.5, 1.125, 4.625 ], "texture": "#texture" },
        "north": { "uv": [ 1.125, 6.75, 0, 7 ], "texture": "#texture" },
        "south": { "uv": [ 0, 6.75, 1.125, 7 ], "texture": "#texture" },
        "west":  { "uv": [ 4.5, 6.75, 4.625, 7 ], "texture": "#texture" },
        "east":  { "uv": [ 4.625, 6.75, 4.5, 7 ], "texture": "#texture" }
    }
},
{
    "from": [ 0, 8.875, 4.1875 ],
    "to": [ 1.125, 9.25, 4.3125 ],
    "faces": {
        "down":  { "uv": [ 16, 4.3125, 14.875, 4.1875 ], "texture": "#texture" },
        "up":    { "uv": [ 0, 4.1875, 1.125, 4.3125 ], "texture": "#texture" },
        "north": { "uv": [ 1.125, 6.75, 0, 7.125 ], "texture": "#texture" },
        "south": { "uv": [ 0, 6.75, 1.125, 7.125 ], "texture": "#texture" },
        "west":  { "uv": [ 4.1875, 6.75, 4.3125, 7.125 ], "texture": "#texture" },
        "east":  { "uv": [ 4.3125, 6.75, 4.1875, 7.125 ], "texture": "#texture" }
    }
},
{
    "from": [ 10.1875, 9.375, 4.375 ],
    "to": [ 10.4375, 10, 4.5 ],
    "faces": {
        "down":  { "uv": [ 5.8125, 4.5, 5.5625, 4.375 ], "texture": "#texture" },
        "up":    { "uv": [ 10.1875, 4.375, 10.4375, 4.5 ], "texture": "#texture" },
        "north": { "uv": [ 10.4375, 6, 10.1875, 6.625 ], "texture": "#texture" },
        "south": { "uv": [ 10.1875, 6, 10.4375, 6.625 ], "texture": "#texture" },
        "west":  { "uv": [ 4.375, 6, 4.5, 6.625 ], "texture": "#texture" },
        "east":  { "uv": [ 4.5, 6, 4.375, 6.625 ], "texture": "#texture" }
    }
},
{
    "from": [ 10.25, 9.375, 4.625 ],
    "to": [ 10.375, 10, 4.75 ],
    "faces": {
        "down":  { "uv": [ 5.75, 4.75, 5.625, 4.625 ], "texture": "#texture" },
        "up":    { "uv": [ 10.25, 4.625, 10.375, 4.75 ], "texture": "#texture" },
        "north": { "uv": [ 10.375, 6, 10.25, 6.625 ], "texture": "#texture" },
        "south": { "uv": [ 10.25, 6, 10.375, 6.625 ], "texture": "#texture" },
        "west":  { "uv": [ 4.625, 6, 4.75, 6.625 ], "texture": "#texture" },
        "east":  { "uv": [ 4.75, 6, 4.625, 6.625 ], "texture": "#texture" }
    }
},
{
    "from": [ 10.1875, 10, 4.375 ],
    "to": [ 10.4375, 10.25, 4.75 ],
    "faces": {
        "down":  { "uv": [ 5.8125, 4.75, 5.5625, 4.375 ], "texture": "#texture" },
        "up":    { "uv": [ 10.1875, 4.375, 10.4375, 4.75 ], "texture": "#texture" },
        "north": { "uv": [ 10.4375, 5.75, 10.1875, 6 ], "texture": "#texture" },
        "south": { "uv": [ 10.1875, 5.75, 10.4375, 6 ], "texture": "#texture" },
        "west":  { "uv": [ 4.375, 5.75, 4.75, 6 ], "texture": "#texture" },
        "east":  { "uv": [ 4.75, 5.75, 4.375, 6 ], "texture": "#texture" }
    }
},
{
    "from": [ 12.875, 8.125, 4.5625 ],
    "to": [ 15.75, 8.75, 4.8125 ],
    "faces": {
        "down":  { "uv": [ 3.125, 4.8125, 0.25, 4.5625 ], "texture": "#texture" },
        "up":    { "uv": [ 12.875, 4.5625, 15.75, 4.8125 ], "texture": "#texture" },
        "north": { "uv": [ 15.75, 7.25, 12.875, 7.875 ], "texture": "#texture" },
        "south": { "uv": [ 12.875, 7.25, 15.75, 7.875 ], "texture": "#texture" },
        "west":  { "uv": [ 4.5625, 7.25, 4.8125, 7.875 ], "texture": "#texture" },
        "east":  { "uv": [ 4.8125, 7.25, 4.5625, 7.875 ], "texture": "#texture" }
    }
},
{
    "from": [ 14.25, 7.625, 4.5625 ],
    "to": [ 15.875, 8.375, 4.8125 ],
    "faces": {
        "down":  { "uv": [ 1.75, 4.8125, 0.125, 4.5625 ], "texture": "#texture" },
        "up":    { "uv": [ 14.25, 4.5625, 15.875, 4.8125 ], "texture": "#texture" },
        "north": { "uv": [ 15.875, 7.625, 14.25, 8.375 ], "texture": "#texture" },
        "south": { "uv": [ 14.25, 7.625, 15.875, 8.375 ], "texture": "#texture" },
        "west":  { "uv": [ 4.5625, 7.625, 4.8125, 8.375 ], "texture": "#texture" },
        "east":  { "uv": [ 4.8125, 7.625, 4.5625, 8.375 ], "texture": "#texture" }
    }
},
{
    "from": [ 15.125, 7.375, 4.5625 ],
    "to": [ 15.875, 8.125, 4.8125 ],
    "faces": {
        "down":  { "uv": [ 0.875, 4.8125, 0.125, 4.5625 ], "texture": "#texture" },
        "up":    { "uv": [ 15.125, 4.5625, 15.875, 4.8125 ], "texture": "#texture" },
        "north": { "uv": [ 15.875, 7.875, 15.125, 8.625 ], "texture": "#texture" },
        "south": { "uv": [ 15.125, 7.875, 15.875, 8.625 ], "texture": "#texture" },
        "west":  { "uv": [ 4.5625, 7.875, 4.8125, 8.625 ], "texture": "#texture" },
        "east":  { "uv": [ 4.8125, 7.875, 4.5625, 8.625 ], "texture": "#texture" }
    }
}
],
"display": {
    "thirdperson_righthand": {
        "rotation": [ 0, -90, 0 ],
        "translation": [ 0, 0, 0 ],
        "scale": [ 0.5, 0.5, 0.52 ]
    },
    "firstperson_righthand": {
        "rotation": [ 0, -90, 0 ],
        "translation": [ -2.27, 1.13, 0 ],
        "scale": [ 1, 1, 1 ]
    }
}
}