{
"__comment": "Designed by Mayomi9 with BDcraft Cubik PRO 0.96 Beta - http://bdcraft.net",
"textures": {
    "DE_Conspiracy": "items/DE_Conspiracy"
},
"elements": [ 
{
    "from": [ 9.92, 12, 8.84 ],
    "to": [ 15.8, 14.4, 11 ],
    "faces": {
        "down":  { "uv": [ 9, 3.375, 4.25, 3.375 ], "texture": "#DE_Conspiracy" },
        "up":    { "uv": [ 4.875, 0, 10.125, 0.5 ], "texture": "#DE_Conspiracy" },
        "north": { "uv": [ 15.75, 0, 10.875, 3.5 ], "texture": "#DE_Conspiracy" },
        "south": { "uv": [ 16, 3.5, 10.875, 0 ], "rotation": 180, "texture": "#DE_Conspiracy" },
        "west":  { "uv": [ 6.875, 0.125, 8.375, 0.625 ], "texture": "#DE_Conspiracy" },
        "east":  { "uv": [ 6.875, 0.125, 8.375, 0.625 ], "texture": "#DE_Conspiracy" }
    }
},
{
    "from": [ 10.88, 4.8, 8.96 ],
    "to": [ 14, 12.96, 10.88 ],
    "faces": {
        "down":  { "uv": [ 15.5, 4.75, 14.375, 4.25 ], "texture": "#DE_Conspiracy" },
        "up":    { "uv": [ 12.125, 11.375, 13.5, 12.875 ], "texture": "#DE_Conspiracy" },
        "north": { "uv": [ 9.5, 3.875, 11.125, 4.75 ], "texture": "#DE_Conspiracy" },
        "south": { "uv": [ 7.25, 3.625, 8.625, 4.875 ], "texture": "#DE_Conspiracy" },
        "west":  { "uv": [ 2.25, 3.625, 4, 4.375 ], "texture": "#DE_Conspiracy" },
        "east":  { "uv": [ 2.625, 3.625, 4.5, 4.75 ], "texture": "#DE_Conspiracy" }
    }
},
{
    "from": [ 9.2, 9.48, 9.2 ],
    "to": [ 9.32, 12.48, 10.64 ],
    "faces": {
        "west":  { "uv": [ 9.25, 4, 10, 4.875 ], "texture": "#DE_Conspiracy" },
        "east":  { "uv": [ 9.25, 4, 10, 4.875 ], "texture": "#DE_Conspiracy" }
    }
},
{
    "from": [ 9.2, 9.48, 9.2 ],
    "to": [ 14, 9.6, 10.64 ],
    "faces": {
        "down":  { "uv": [ 8.25, 3.75, 10.3125, 4.75 ], "texture": "#DE_Conspiracy" },
        "up":    { "uv": [ 8.25, 3.75, 10.3125, 4.75 ], "texture": "#DE_Conspiracy" }
    }
},
{
    "from": [ 10.88, 9.6, 9.44 ],
    "to": [ 11.24, 11.76, 10.4 ],
    "faces": {
        "down":  { "uv": [ 0.375, 15.25, 0.5625, 15.75 ], "texture": "#DE_Conspiracy" },
        "up":    { "uv": [ 0.375, 15.25, 0.5625, 15.75 ], "texture": "#DE_Conspiracy" },
        "north": { "uv": [ 0.375, 14.75, 0.5625, 15.875 ], "texture": "#DE_Conspiracy" },
        "south": { "uv": [ 0.375, 14.75, 0.5625, 15.875 ], "texture": "#DE_Conspiracy" },
        "west":  { "uv": [ 0.125, 14.5, 0.375, 15.125 ], "texture": "#DE_Conspiracy" },
        "east":  { "uv": [ 0.125, 14.5, 0.375, 15.125 ], "texture": "#DE_Conspiracy" }
    }
},
{
    "from": [ 14.96, 11.52, 8.96 ],
    "to": [ 15.92, 12.96, 10.88 ],
    "faces": {
        "down":  { "uv": [ 6, 4.875, 4.75, 4 ], "texture": "#DE_Conspiracy" },
        "up":    { "uv": [ 8, 3.625, 9.375, 5 ], "texture": "#DE_Conspiracy" },
        "north": { "uv": [ 7.875, 3.75, 9.25, 4.9375 ], "texture": "#DE_Conspiracy" },
        "south": { "uv": [ 5.75, 3.625, 7.125, 4.8125 ], "texture": "#DE_Conspiracy" },
        "west":  { "uv": [ 7.125, 3.75, 8.5, 4.9375 ], "texture": "#DE_Conspiracy" },
        "east":  { "uv": [ 5.875, 3.625, 7.375, 5 ], "texture": "#DE_Conspiracy" }
    }
},
{
    "from": [ 0.08, 11.4, 9.08 ],
    "to": [ 1.04, 12.6, 10.76 ],
    "faces": {
        "down":  { "uv": [ 6.875, 10.875, 7.25, 11.375 ], "texture": "#DE_Conspiracy" },
        "up":    { "uv": [ 6.625, 10.625, 7, 11.125 ], "texture": "#DE_Conspiracy" },
        "north": { "uv": [ 7.125, 11, 7.5, 11.375 ], "texture": "#DE_Conspiracy" },
        "south": { "uv": [ 7.125, 11, 7.5, 11.375 ], "texture": "#DE_Conspiracy" },
        "west":  { "uv": [ 6.875, 10.75, 7.375, 11.125 ], "texture": "#DE_Conspiracy" },
        "east":  { "uv": [ 6.875, 10.75, 7.375, 11.125 ], "texture": "#DE_Conspiracy" }
    }
},
{
    "from": [ 1.76, 13.2, 9.2 ],
    "to": [ 2.48, 14.4, 9.68 ],
    "faces": {
        "down":  { "uv": [ 8, 10.25, 8.125, 11 ], "texture": "#DE_Conspiracy" },
        "up":    { "uv": [ 8, 10.25, 8.125, 11 ], "texture": "#DE_Conspiracy" },
        "north": { "uv": [ 8.5, 10.375, 8.5, 10.875 ], "texture": "#DE_Conspiracy" },
        "south": { "uv": [ 8.5, 10.375, 8.5, 10.875 ], "texture": "#DE_Conspiracy" },
        "west":  { "uv": [ 8.375, 10.25, 8.5, 11 ], "texture": "#DE_Conspiracy" },
        "east":  { "uv": [ 8.375, 10.25, 8.5, 11 ], "texture": "#DE_Conspiracy" }
    }
},
{
    "from": [ 1.76, 13.2, 10.16 ],
    "to": [ 2.48, 14.4, 10.64 ],
    "faces": {
        "down":  { "uv": [ 8.375, 10.25, 8.375, 10.875 ], "texture": "#DE_Conspiracy" },
        "up":    { "uv": [ 8.375, 10.25, 8.375, 10.875 ], "texture": "#DE_Conspiracy" },
        "north": { "uv": [ 8, 10.75, 8.25, 11.375 ], "texture": "#DE_Conspiracy" },
        "south": { "uv": [ 8, 10.75, 8.25, 11.375 ], "texture": "#DE_Conspiracy" },
        "west":  { "uv": [ 8.5, 10.375, 8.625, 11.125 ], "texture": "#DE_Conspiracy" },
        "east":  { "uv": [ 14.5, 10.5, 14.625, 11.125 ], "texture": "#DE_Conspiracy" }
    }
},
{
    "from": [ 0.08, 12.48, 8.96 ],
    "to": [ 0.8, 14.16, 10.88 ],
    "faces": {
        "down":  { "uv": [ 6.625, 11, 7, 11.5 ], "texture": "#DE_Conspiracy" },
        "up":    { "uv": [ 6.625, 11, 7, 11.5 ], "texture": "#DE_Conspiracy" },
        "north": { "uv": [ 6.5, 11, 6.875, 11.375 ], "texture": "#DE_Conspiracy" },
        "south": { "uv": [ 6.5, 11, 6.875, 11.375 ], "texture": "#DE_Conspiracy" },
        "west":  { "uv": [ 7.25, 11.5, 7.75, 11.875 ], "texture": "#DE_Conspiracy" },
        "east":  { "uv": [ 7.25, 11.5, 7.75, 11.875 ], "texture": "#DE_Conspiracy" }
    }
},
{
    "from": [ 14.96, 12.48, 9.56 ],
    "to": [ 15.92, 13.92, 10.28 ],
    "faces": {
        "down":  { "uv": [ 9.625, 4.375, 11, 5 ], "texture": "#DE_Conspiracy" },
        "up":    { "uv": [ 9.625, 4.375, 11, 5 ], "texture": "#DE_Conspiracy" },
        "north": { "uv": [ 8.125, 3.625, 9.5, 4.8125 ], "texture": "#DE_Conspiracy" },
        "south": { "uv": [ 8.125, 3.625, 9.5, 4.8125 ], "texture": "#DE_Conspiracy" },
        "west":  { "uv": [ 7.375, 3.75, 8.75, 4.9375 ], "texture": "#DE_Conspiracy" },
        "east":  { "uv": [ 7.375, 3.75, 8.75, 4.9375 ], "texture": "#DE_Conspiracy" }
    }
},
{
    "from": [ 0.8, 12.96, 8.96 ],
    "to": [ 9.92, 14.16, 10.88 ],
    "faces": {
        "down":  { "uv": [ 5.5, 4, 9.125, 4.875 ], "texture": "#DE_Conspiracy" },
        "up":    { "uv": [ 3.75, 0, 9.125, 0.25 ], "texture": "#DE_Conspiracy" },
        "north": { "uv": [ 10.625, 0, 0.25, 1.125 ], "texture": "#DE_Conspiracy" },
        "south": { "uv": [ 0, 0, 10.5, 1 ], "texture": "#DE_Conspiracy" },
        "west":  { "uv": [ 7, 3.875, 8.25, 4.25 ], "texture": "#DE_Conspiracy" },
        "east":  { "uv": [ 7, 3.875, 8.25, 4.25 ], "texture": "#DE_Conspiracy" }
    }
},
{
    "from": [ 12.32, 5.52, 10.28 ],
    "to": [ 14.24, 10.8, 11.108 ],
    "faces": {
        "down":  { "uv": [ 14.5, 13.625, 13.125, 12.125 ], "texture": "#DE_Conspiracy" },
        "up":    { "uv": [ 12.5, 6.5, 13.875, 8 ], "texture": "#DE_Conspiracy" },
        "north": { "uv": [ 11.75, 6.25, 16, 14.75 ], "texture": "#DE_Conspiracy" },
        "south": { "uv": [ 15.25, 6.25, 12.125, 15.25 ], "texture": "#DE_Conspiracy" },
        "west":  { "uv": [ 12.625, 11.875, 14.125, 15 ], "texture": "#DE_Conspiracy" },
        "east":  { "uv": [ 13.25, 11.75, 14.75, 14.875 ], "texture": "#DE_Conspiracy" }
    }
},
{
    "from": [ 10.88, 14.4, 9.2 ],
    "to": [ 13.04, 14.64, 10.64 ],
    "faces": {
        "down":  { "uv": [ 13.375, 12.375, 12.25, 11.125 ], "texture": "#DE_Conspiracy" },
        "up":    { "uv": [ 12.125, 11.125, 13.25, 12.375 ], "texture": "#DE_Conspiracy" },
        "north": { "uv": [ 12, 10.875, 13.125, 11 ], "texture": "#DE_Conspiracy" },
        "south": { "uv": [ 12, 10.875, 13.125, 11 ], "texture": "#DE_Conspiracy" },
        "west":  { "uv": [ 11.875, 11.125, 13.125, 11.25 ], "texture": "#DE_Conspiracy" },
        "east":  { "uv": [ 11.875, 11.125, 13.125, 11.25 ], "texture": "#DE_Conspiracy" }
    }
},
{
    "from": [ 13.76, 12.72, 9.68 ],
    "to": [ 15.68, 13.92, 10.16 ],
    "faces": {
        "down":  { "uv": [ 8.625, 6.625, 9.75, 7.375 ], "texture": "#DE_Conspiracy" },
        "up":    { "uv": [ 8.625, 6.625, 9.75, 7.375 ], "texture": "#DE_Conspiracy" },
        "north": { "uv": [ 6.25, 7, 7.25, 7.625 ], "texture": "#DE_Conspiracy" },
        "south": { "uv": [ 6.25, 7, 7.25, 7.625 ], "texture": "#DE_Conspiracy" },
        "west":  { "uv": [ 9.125, 10, 9.625, 10.625 ], "texture": "#DE_Conspiracy" },
        "east":  { "uv": [ 9.125, 10, 9.625, 10.625 ], "texture": "#DE_Conspiracy" }
    }
},
{
    "from": [ 9.92, 11.4, 8.84 ],
    "to": [ 11.96, 12, 11 ],
    "faces": {
        "down":  { "uv": [ 9.625, 5, 4.5, 3.875 ], "texture": "#DE_Conspiracy" },
        "up":    { "uv": [ 6, 3.625, 10.875, 4.875 ], "texture": "#DE_Conspiracy" },
        "north": { "uv": [ 7.875, 3.625, 11.375, 4.5 ], "texture": "#DE_Conspiracy" },
        "south": { "uv": [ 3.875, 3.625, 8.75, 4.25 ], "texture": "#DE_Conspiracy" },
        "west":  { "uv": [ 6.125, 4.125, 7.125, 4.25 ], "texture": "#DE_Conspiracy" },
        "east":  { "uv": [ 6, 3.625, 6.875, 3.875 ], "texture": "#DE_Conspiracy" }
    }
},
{
    "from": [ 0.8, 11.52, 8.96 ],
    "to": [ 4.64, 12.96, 10.88 ],
    "faces": {
        "down":  { "uv": [ 5.375, 4.125, 8.875, 4.625 ], "texture": "#DE_Conspiracy" },
        "up":    { "uv": [ 5.375, 4.125, 8.875, 4.625 ], "texture": "#DE_Conspiracy" },
        "north": { "uv": [ 2.375, 1.375, 2.625, 4.625 ], "texture": "#DE_Conspiracy" },
        "south": { "uv": [ 2.25, 1.375, 5.75, 4.625 ], "texture": "#DE_Conspiracy" },
        "west":  { "uv": [ 6.625, 4.125, 7.875, 4.5 ], "texture": "#DE_Conspiracy" },
        "east":  { "uv": [ 6.625, 4.125, 7.875, 4.5 ], "texture": "#DE_Conspiracy" }
    }
},
{
    "from": [ 4.4, 11.4, 8.84 ],
    "to": [ 9.92, 12.96, 11 ],
    "faces": {
        "down":  { "uv": [ 5.25, 3.75, 9.75, 4 ], "texture": "#DE_Conspiracy" },
        "up":    { "uv": [ 4.75, 0, 9.25, 0.25 ], "texture": "#DE_Conspiracy" },
        "north": { "uv": [ 10.875, 1.5, 10.625, 5.25 ], "texture": "#DE_Conspiracy" },
        "south": { "uv": [ 5.5, 1.375, 11, 5.25 ], "texture": "#DE_Conspiracy" },
        "west":  { "uv": [ 10.75, 1.75, 11, 4.75 ], "texture": "#DE_Conspiracy" },
        "east":  { "uv": [ 10.75, 1.75, 11, 4.75 ], "texture": "#DE_Conspiracy" }
    }
},
{
    "from": [ -0.16, 13.2, 9.44 ],
    "to": [ 0.32, 13.92, 10.4 ],
    "faces": {
        "down":  { "uv": [ 7, 10.5, 7, 10.875 ], "texture": "#DE_Conspiracy" },
        "up":    { "uv": [ 2.875, 9.75, 2.875, 10.125 ], "texture": "#DE_Conspiracy" },
        "north": { "uv": [ 3.5, 9.75, 3.625, 10.125 ], "texture": "#DE_Conspiracy" },
        "south": { "uv": [ 3.5, 9.75, 3.625, 10.125 ], "texture": "#DE_Conspiracy" },
        "west":  { "uv": [ 3.75, 9.125, 3.75, 9.5 ], "texture": "#DE_Conspiracy" },
        "east":  { "uv": [ 3.75, 9.125, 3.75, 9.5 ], "texture": "#DE_Conspiracy" }
    }
},
{
    "from": [ 12.32, 5.52, 8.72 ],
    "to": [ 14.24, 10.8, 9.548 ],
    "faces": {
        "down":  { "uv": [ 14.5, 13.625, 13.125, 12.125 ], "texture": "#DE_Conspiracy" },
        "up":    { "uv": [ 12.5, 6.5, 13.875, 8 ], "texture": "#DE_Conspiracy" },
        "north": { "uv": [ 11.75, 6.25, 16, 14.75 ], "texture": "#DE_Conspiracy" },
        "south": { "uv": [ 15.25, 6.25, 12.125, 15.25 ], "texture": "#DE_Conspiracy" },
        "west":  { "uv": [ 12.625, 11.875, 14.125, 15 ], "texture": "#DE_Conspiracy" },
        "east":  { "uv": [ 13.25, 11.75, 14.75, 14.875 ], "texture": "#DE_Conspiracy" }
    }
}
],
"display": {
    "thirdperson_righthand": {
        "rotation": [ 0, -90, 0 ],
        "translation": [ 0, 0, 0 ],
        "scale": [ 0.5, 0.5, 0.5 ]
    },
    "firstperson_righthand": {
        "rotation": [ 0, -75, -13 ],
        "translation": [ -0.94, 1.32, 0 ],
        "scale": [ 1, 1, 1 ]
    }
}
}