{
"__comment": "Designed by Mayomi9 with BDcraft Cubik PRO 0.96 Beta - http://bdcraft.net",
"textures": {
    "P2000": "items/P2000_Fire"
},
"elements": [ 
{
    "from": [ 1, 8, 7 ],
    "to": [ 9.5, 9.8, 9 ],
    "faces": {
        "down":  { "uv": [ 15, 9, 6.5, 7 ], "texture": "#P2000" },
        "up":    { "uv": [ 1, 7, 9.5, 9 ], "texture": "#P2000" },
        "north": { "uv": [ 9.5, 6.1875, 1, 7.9375 ], "texture": "#P2000" },
        "south": { "uv": [ 1, 6.1875, 9.5, 7.9375 ], "texture": "#P2000" },
        "west":  { "uv": [ 10.75, 10.5, 12.75, 12.25 ], "texture": "#P2000" },
        "east":  { "uv": [ 7, 6.1875, 9, 7.9375 ], "texture": "#P2000" }
    }
},
{
    "from": [ 9.5, 7.75, 7.25 ],
    "to": [ 9.75, 9.75, 8.85 ],
    "faces": {
        "down":  { "uv": [ 6.5, 8.8125, 6.25, 7.25 ], "texture": "#P2000" },
        "up":    { "uv": [ 9.5, 7.25, 9.75, 8.8125 ], "texture": "#P2000" },
        "north": { "uv": [ 9.75, 6.25, 9.5, 8.25 ], "texture": "#P2000" },
        "south": { "uv": [ 9.5, 6.25, 9.75, 8.25 ], "texture": "#P2000" },
        "west":  { "uv": [ 7.25, 6.25, 8.8125, 8.25 ], "texture": "#P2000" },
        "east":  { "uv": [ 7.125, 6.25, 8.6875, 8.25 ], "texture": "#P2000" }
    }
},
{
    "from": [ 9.75, 7.75, 7 ],
    "to": [ 10, 9.75, 9 ],
    "faces": {
        "down":  { "uv": [ 6.25, 9, 6, 7 ], "texture": "#P2000" },
        "up":    { "uv": [ 9.75, 7, 10, 9 ], "texture": "#P2000" },
        "north": { "uv": [ 10, 6.25, 9.75, 8.25 ], "texture": "#P2000" },
        "south": { "uv": [ 9.75, 6.25, 10, 8.25 ], "texture": "#P2000" },
        "west":  { "uv": [ 9.5, 6, 9.875, 8 ], "texture": "#P2000" },
        "east":  { "uv": [ 7.5, 6.625, 7.875, 8.625 ], "texture": "#P2000" }
    }
},
{
    "from": [ 10, 7.75, 7.25 ],
    "to": [ 10.25, 9.75, 8.85 ],
    "faces": {
        "down":  { "uv": [ 6, 8.8125, 5.75, 7.25 ], "texture": "#P2000" },
        "up":    { "uv": [ 10, 7.25, 10.25, 8.8125 ], "texture": "#P2000" },
        "north": { "uv": [ 10.25, 6.25, 10, 8.25 ], "texture": "#P2000" },
        "south": { "uv": [ 10, 6.25, 10.25, 8.25 ], "texture": "#P2000" },
        "west":  { "uv": [ 7.25, 6.25, 8.8125, 8.25 ], "texture": "#P2000" },
        "east":  { "uv": [ 7.125, 6.25, 8.6875, 8.25 ], "texture": "#P2000" }
    }
},
{
    "from": [ 10.25, 7.75, 7 ],
    "to": [ 10.5, 9.75, 9 ],
    "faces": {
        "down":  { "uv": [ 5.75, 9, 5.5, 7 ], "texture": "#P2000" },
        "up":    { "uv": [ 10.25, 7, 10.5, 9 ], "texture": "#P2000" },
        "north": { "uv": [ 10.5, 6.25, 10.25, 8.25 ], "texture": "#P2000" },
        "south": { "uv": [ 10.25, 6.25, 10.5, 8.25 ], "texture": "#P2000" },
        "west":  { "uv": [ 7.375, 6.75, 7.75, 8.75 ], "texture": "#P2000" },
        "east":  { "uv": [ 7.375, 6.75, 7.75, 8.75 ], "texture": "#P2000" }
    }
},
{
    "from": [ 10.5, 7.75, 7.25 ],
    "to": [ 10.75, 9.75, 8.85 ],
    "faces": {
        "down":  { "uv": [ 5.5, 8.8125, 5.25, 7.25 ], "texture": "#P2000" },
        "up":    { "uv": [ 10.5, 7.25, 10.75, 8.8125 ], "texture": "#P2000" },
        "north": { "uv": [ 10.75, 6.25, 10.5, 8.25 ], "texture": "#P2000" },
        "south": { "uv": [ 10.5, 6.25, 10.75, 8.25 ], "texture": "#P2000" },
        "west":  { "uv": [ 7.25, 6.25, 8.8125, 8.25 ], "texture": "#P2000" },
        "east":  { "uv": [ 7.125, 6.25, 8.6875, 8.25 ], "texture": "#P2000" }
    }
},
{
    "from": [ 10.75, 7.75, 7 ],
    "to": [ 11, 9.75, 9 ],
    "faces": {
        "down":  { "uv": [ 5.25, 9, 5, 7 ], "texture": "#P2000" },
        "up":    { "uv": [ 10.75, 7, 11, 9 ], "texture": "#P2000" },
        "north": { "uv": [ 11, 6.25, 10.75, 8.25 ], "texture": "#P2000" },
        "south": { "uv": [ 10.75, 6.25, 11, 8.25 ], "texture": "#P2000" },
        "west":  { "uv": [ 7.5, 6.75, 7.875, 8.75 ], "texture": "#P2000" },
        "east":  { "uv": [ 11, 6.125, 11.375, 8.125 ], "texture": "#P2000" }
    }
},
{
    "from": [ 11, 7.75, 7.25 ],
    "to": [ 11.25, 9.75, 8.85 ],
    "faces": {
        "down":  { "uv": [ 5, 8.8125, 4.75, 7.25 ], "texture": "#P2000" },
        "up":    { "uv": [ 11, 7.25, 11.25, 8.8125 ], "texture": "#P2000" },
        "north": { "uv": [ 11.25, 6.25, 11, 8 ], "texture": "#P2000" },
        "south": { "uv": [ 11, 6.25, 11.25, 8 ], "texture": "#P2000" },
        "west":  { "uv": [ 7.25, 6.25, 8.8125, 8.25 ], "texture": "#P2000" },
        "east":  { "uv": [ 7.125, 6.25, 8.6875, 8.25 ], "texture": "#P2000" }
    }
},
{
    "from": [ 11.25, 7.75, 7 ],
    "to": [ 11.5, 9.75, 9 ],
    "faces": {
        "down":  { "uv": [ 4.75, 9, 4.5, 7 ], "texture": "#P2000" },
        "up":    { "uv": [ 11.25, 7, 11.5, 9 ], "texture": "#P2000" },
        "north": { "uv": [ 11.5, 6.25, 11.25, 8 ], "texture": "#P2000" },
        "south": { "uv": [ 11.25, 6.25, 11.5, 8 ], "texture": "#P2000" },
        "west":  { "uv": [ 11.125, 6.25, 11.375, 8 ], "texture": "#P2000" },
        "east":  { "uv": [ 11.125, 6.25, 11.375, 8 ], "texture": "#P2000" }
    }
},
{
    "from": [ 11.5, 7.75, 7.25 ],
    "to": [ 11.75, 9.75, 8.85 ],
    "faces": {
        "down":  { "uv": [ 4.5, 8.8125, 4.25, 7.25 ], "texture": "#P2000" },
        "up":    { "uv": [ 11.5, 7.25, 11.75, 8.8125 ], "texture": "#P2000" },
        "north": { "uv": [ 11.75, 6.25, 11.5, 8 ], "texture": "#P2000" },
        "south": { "uv": [ 11.5, 6.25, 11.75, 8 ], "texture": "#P2000" },
        "west":  { "uv": [ 7.25, 6.25, 8.8125, 8.25 ], "texture": "#P2000" },
        "east":  { "uv": [ 7.125, 6.25, 8.6875, 8.25 ], "texture": "#P2000" }
    }
},
{
    "from": [ 11.75, 7.75, 7 ],
    "to": [ 12, 9.75, 9 ],
    "faces": {
        "down":  { "uv": [ 4.25, 9, 4, 7 ], "texture": "#P2000" },
        "up":    { "uv": [ 11.75, 7, 12, 9 ], "texture": "#P2000" },
        "north": { "uv": [ 12, 6.25, 11.75, 8 ], "texture": "#P2000" },
        "south": { "uv": [ 11.75, 6.25, 12, 8 ], "texture": "#P2000" },
        "west":  { "uv": [ 11.25, 6.25, 11.5, 8 ], "texture": "#P2000" },
        "east":  { "uv": [ 11.25, 6.125, 11.5, 7.875 ], "texture": "#P2000" }
    }
},
{
    "from": [ 12, 7.75, 7.25 ],
    "to": [ 12.25, 9.75, 8.85 ],
    "faces": {
        "down":  { "uv": [ 4, 8.8125, 3.75, 7.25 ], "texture": "#P2000" },
        "up":    { "uv": [ 12, 7.25, 12.25, 8.8125 ], "texture": "#P2000" },
        "north": { "uv": [ 12.25, 6.25, 12, 8.125 ], "texture": "#P2000" },
        "south": { "uv": [ 12, 6.25, 12.25, 8.125 ], "texture": "#P2000" },
        "west":  { "uv": [ 7.25, 6.25, 8.8125, 8.25 ], "texture": "#P2000" },
        "east":  { "uv": [ 7.125, 6.25, 8.6875, 8.25 ], "texture": "#P2000" }
    }
},
{
    "from": [ 12.25, 7.75, 7 ],
    "to": [ 12.5, 9.75, 9 ],
    "faces": {
        "down":  { "uv": [ 3.75, 9, 3.5, 7 ], "texture": "#P2000" },
        "up":    { "uv": [ 12.25, 7, 12.5, 9 ], "texture": "#P2000" },
        "north": { "uv": [ 12.5, 6.25, 12.25, 8.25 ], "texture": "#P2000" },
        "south": { "uv": [ 12.25, 6.25, 12.5, 8.25 ], "texture": "#P2000" },
        "west":  { "uv": [ 11.375, 6, 11.625, 7.875 ], "texture": "#P2000" },
        "east":  { "uv": [ 11.375, 6, 11.625, 7.875 ], "texture": "#P2000" }
    }
},
{
    "from": [ 12.5, 7.7, 7.25 ],
    "to": [ 12.75, 9.7, 8.85 ],
    "faces": {
        "down":  { "uv": [ 3.5, 8.8125, 3.25, 7.25 ], "texture": "#P2000" },
        "up":    { "uv": [ 12.5, 7.25, 12.75, 8.8125 ], "texture": "#P2000" },
        "north": { "uv": [ 12.75, 6.25, 12.5, 8.25 ], "texture": "#P2000" },
        "south": { "uv": [ 12.5, 6.25, 12.75, 8.25 ], "texture": "#P2000" },
        "west":  { "uv": [ 7.25, 6.25, 8.8125, 8.25 ], "texture": "#P2000" },
        "east":  { "uv": [ 7.125, 6.25, 8.6875, 8.25 ], "texture": "#P2000" }
    }
},
{
    "from": [ 12.75, 7.6875, 7 ],
    "to": [ 13.4375, 9.7375, 9 ],
    "faces": {
        "down":  { "uv": [ 11.375, 12.875, 10.6875, 10.875 ], "texture": "#P2000" },
        "up":    { "uv": [ 11.125, 9.875, 11.8125, 11.875 ], "texture": "#P2000" },
        "north": { "uv": [ 13.4375, 6.25, 12.75, 8.25 ], "texture": "#P2000" },
        "south": { "uv": [ 12.75, 6.25, 13.4375, 8.25 ], "texture": "#P2000" },
        "west":  { "uv": [ 10.625, 10.125, 12.625, 12.125 ], "texture": "#P2000" },
        "east":  { "uv": [ 10.625, 10.375, 12.625, 12.375 ], "texture": "#P2000" }
    }
},
{
    "from": [ 12.65, 9.75, 7.3 ],
    "to": [ 13.15, 10.25, 7.8 ],
    "faces": {
        "down":  { "uv": [ 0, 0, 0.875, 1.25 ], "texture": "#P2000" },
        "up":    { "uv": [ 0, 0, 0.875, 1.25 ], "texture": "#P2000" },
        "north": { "uv": [ 0, 0, 0.875, 1.125 ], "texture": "#P2000" },
        "south": { "uv": [ 0, 0, 0.875, 1.125 ], "texture": "#P2000" },
        "west":  { "uv": [ 0, 0, 0.75, 1.125 ], "texture": "#P2000" },
        "east":  { "uv": [ 0, 0, 0.75, 1.125 ], "texture": "#P2000" }
    }
},
{
    "from": [ 1.25, 9.5, 7.75 ],
    "to": [ 2.25, 10, 8.25 ],
    "faces": {
        "down":  { "uv": [ 0, 0, 0.875, 1.25 ], "texture": "#P2000" },
        "up":    { "uv": [ 0, 0, 0.875, 1.25 ], "texture": "#P2000" },
        "north": { "uv": [ 0, 0, 0.875, 1.125 ], "texture": "#P2000" },
        "south": { "uv": [ 0, 0, 0.875, 1.125 ], "texture": "#P2000" },
        "west":  { "uv": [ 0, 0, 0.75, 1.125 ], "texture": "#P2000" },
        "east":  { "uv": [ 0, 0, 0.75, 1.125 ], "texture": "#P2000" }
    }
},
{
    "from": [ 1, 7, 7.2 ],
    "to": [ 12, 8, 8.8 ],
    "faces": {
        "down":  { "uv": [ 15, 8.75, 4, 7 ], "texture": "#P2000" },
        "up":    { "uv": [ 1, 7, 12, 8.75 ], "texture": "#P2000" },
        "north": { "uv": [ 12, 8, 1, 9 ], "texture": "#P2000" },
        "south": { "uv": [ 1, 8, 12, 9 ], "texture": "#P2000" },
        "west":  { "uv": [ 7.375, 8.125, 9.125, 9.125 ], "texture": "#P2000" },
        "east":  { "uv": [ 7.1875, 8, 8.9375, 9 ], "texture": "#P2000" }
    }
},
{
    "from": [ 11.4375, 6.125, 7.02 ],
    "to": [ 13.4375, 6.625, 8.98 ],
    "faces": {
        "down":  { "uv": [ 12.25, 13, 10.25, 11 ], "texture": "#P2000" },
        "up":    { "uv": [ 10.25, 10.375, 12.25, 12.375 ], "texture": "#P2000" },
        "north": { "uv": [ 11.4375, 9.375, 13.4375, 9.875 ], "texture": "#P2000" },
        "south": { "uv": [ 11.4375, 9.375, 13.4375, 9.875 ], "texture": "#P2000" },
        "west":  { "uv": [ 7, 9.375, 9, 9.875 ], "texture": "#P2000" },
        "east":  { "uv": [ 7, 9.375, 9, 9.875 ], "texture": "#P2000" }
    }
},
{
    "from": [ 12.75, 7.5625, 7.01 ],
    "to": [ 13.75, 8.0625, 8.99 ],
    "faces": {
        "down":  { "uv": [ 12.375, 12, 11.375, 10.0625 ], "texture": "#P2000" },
        "up":    { "uv": [ 10.875, 10, 11.875, 11.9375 ], "texture": "#P2000" },
        "north": { "uv": [ 13.75, 7.9375, 12.75, 8.4375 ], "texture": "#P2000" },
        "south": { "uv": [ 12.75, 7.9375, 13.75, 8.4375 ], "texture": "#P2000" },
        "west":  { "uv": [ 7, 7.9375, 8.9375, 8.4375 ], "texture": "#P2000" },
        "east":  { "uv": [ 7, 7.9375, 8.9375, 8.4375 ], "texture": "#P2000" }
    }
},
{
    "from": [ 12.25, 6.5625, 7 ],
    "to": [ 12.9375, 8, 9 ],
    "faces": {
        "down":  { "uv": [ 10.625, 12.25, 10.125, 10.25 ], "texture": "#P2000" },
        "up":    { "uv": [ 11.875, 9.875, 12.375, 11.875 ], "texture": "#P2000" },
        "north": { "uv": [ 13, 8, 12.375, 9.5 ], "texture": "#P2000" },
        "south": { "uv": [ 12.375, 8, 13, 9.5 ], "texture": "#P2000" },
        "west":  { "uv": [ 7, 8, 9, 9.5 ], "texture": "#P2000" },
        "east":  { "uv": [ 7, 8.125, 9, 9.625 ], "texture": "#P2000" }
    }
},
{
    "from": [ 6.5, 5, 7.25 ],
    "to": [ 7, 7, 8.75 ],
    "faces": {
        "down":  { "uv": [ 9.5, 8.75, 9, 7.25 ], "texture": "#P2000" },
        "up":    { "uv": [ 6.5, 7.25, 7, 8.75 ], "texture": "#P2000" },
        "north": { "uv": [ 11.75, 13, 11.25, 11 ], "texture": "#P2000" },
        "south": { "uv": [ 11.25, 13, 11.75, 11 ], "texture": "#P2000" },
        "west":  { "uv": [ 9.875, 11.5, 11.375, 13.5 ], "texture": "#P2000" },
        "east":  { "uv": [ 9.875, 11.5, 11.375, 13.5 ], "texture": "#P2000" }
    }
},
{
    "from": [ 6.5, 4.5, 7.25 ],
    "to": [ 10.5, 5, 8.75 ],
    "faces": {
        "down":  { "uv": [ 12.875, 12.875, 8.875, 11.375 ], "texture": "#P2000" },
        "up":    { "uv": [ 12.875, 12.875, 8.875, 11.375 ], "texture": "#P2000" },
        "north": { "uv": [ 14.75, 9.125, 10.75, 9.625 ], "texture": "#P2000" },
        "south": { "uv": [ 10.75, 9.125, 14.75, 9.625 ], "texture": "#P2000" },
        "west":  { "uv": [ 11.25, 10.125, 12.75, 10.625 ], "texture": "#P2000" },
        "east":  { "uv": [ 11.25, 10.125, 12.75, 10.625 ], "texture": "#P2000" }
    }
},
{
    "from": [ 0.5, 8.5, 7.5 ],
    "to": [ 1, 9.5, 8.5 ],
    "faces": {
        "down":  { "uv": [ 0, 0.125, 0.5, 1.125 ], "texture": "#P2000" },
        "up":    { "uv": [ 0, 0.125, 0.5, 1.125 ], "texture": "#P2000" },
        "north": { "uv": [ 0, 0, 0.5, 1 ], "texture": "#P2000" },
        "south": { "uv": [ 0, 0, 0.5, 1 ], "texture": "#P2000" },
        "west":  { "uv": [ 0, 0, 0.625, 0.875 ], "texture": "#P2000" },
        "east":  { "uv": [ 0, 0, 0.625, 0.875 ], "texture": "#P2000" }
    }
},
{
    "from": [ 6.25, 6.875, 7.25 ],
    "to": [ 7.25, 7.375, 8.75 ],
    "faces": {
        "down":  { "uv": [ 10.125, 10.125, 11.125, 11.625 ], "texture": "#P2000" },
        "up":    { "uv": [ 10.125, 10.125, 11.125, 11.625 ], "texture": "#P2000" },
        "north": { "uv": [ 8.75, 8.625, 9.75, 9.125 ], "texture": "#P2000" },
        "south": { "uv": [ 6.375, 8.75, 7.375, 9.25 ], "texture": "#P2000" },
        "west":  { "uv": [ 7.25, 8.625, 8.75, 9.125 ], "texture": "#P2000" },
        "east":  { "uv": [ 7.25, 8.625, 8.75, 9.125 ], "texture": "#P2000" }
    }
},
{
    "from": [ 9.125, 1.75, 7.01 ],
    "to": [ 12.625, 6.75, 8.99 ],
    "faces": {
        "down":  { "uv": [ 6.875, 9, 3.375, 7 ], "texture": "#P2000" },
        "up":    { "uv": [ 9.125, 7, 12.625, 9 ], "texture": "#P2000" },
        "north": { "uv": [ 12.5, 8.375, 9, 13.375 ], "texture": "#P2000" },
        "south": { "uv": [ 9, 8.375, 12.5, 13.375 ], "texture": "#P2000" },
        "west":  { "uv": [ 10.75, 9.875, 12.75, 14.875 ], "texture": "#P2000" },
        "east":  { "uv": [ 10.75, 9.875, 12.75, 14.875 ], "texture": "#P2000" }
    }
},
{
    "from": [ 8.8125, 6.9375, 7 ],
    "to": [ 9.8125, 7.4375, 9 ],
    "faces": {
        "down":  { "uv": [ 7.1875, 9, 6.1875, 7 ], "texture": "#P2000" },
        "up":    { "uv": [ 8.8125, 7, 9.8125, 9 ], "texture": "#P2000" },
        "north": { "uv": [ 8.8125, 8.5625, 9.8125, 9.0625 ], "texture": "#P2000" },
        "south": { "uv": [ 8.8125, 8.5625, 9.8125, 9.0625 ], "texture": "#P2000" },
        "west":  { "uv": [ 7, 8.5625, 9, 9.0625 ], "texture": "#P2000" },
        "east":  { "uv": [ 7, 8.5625, 9, 9.0625 ], "texture": "#P2000" }
    }
},
{
    "from": [ 8.8125, 5.375, 7.25 ],
    "to": [ 9.3125, 7.375, 8.25 ],
    "faces": {
        "down":  { "uv": [ 0, 0, 0.875, 1.25 ], "texture": "#P2000" },
        "up":    { "uv": [ 0, 0, 0.875, 1.25 ], "texture": "#P2000" },
        "north": { "uv": [ 0, 0, 0.875, 1.125 ], "texture": "#P2000" },
        "south": { "uv": [ 0, 0, 0.875, 1.125 ], "texture": "#P2000" },
        "west":  { "uv": [ 0, 0, 0.75, 1.125 ], "texture": "#P2000" },
        "east":  { "uv": [ 0, 0, 0.75, 1.125 ], "texture": "#P2000" }
    }
},
{
    "from": [ 9.5, 4.5, 7.25 ],
    "to": [ 10.5, 5, 8.75 ],
    "faces": {
        "down":  { "uv": [ 11.25, 11.625, 10.25, 10.125 ], "texture": "#P2000" },
        "up":    { "uv": [ 9.375, 7.625, 10.375, 9.125 ], "texture": "#P2000" },
        "north": { "uv": [ 10.125, 12.125, 11.125, 12.625 ], "texture": "#P2000" },
        "south": { "uv": [ 9.5, 11, 10.5, 11.5 ], "texture": "#P2000" },
        "west":  { "uv": [ 7.25, 8.375, 8.75, 8.875 ], "texture": "#P2000" },
        "east":  { "uv": [ 7.25, 8.375, 8.75, 8.875 ], "texture": "#P2000" }
    }
},
{
    "from": [ 9.6875, 4.875, 7.25 ],
    "to": [ 10.1875, 5.875, 8.75 ],
    "faces": {
        "down":  { "uv": [ 6.3125, 8.75, 5.8125, 7.25 ], "texture": "#P2000" },
        "up":    { "uv": [ 9.6875, 7.25, 10.1875, 8.75 ], "texture": "#P2000" },
        "north": { "uv": [ 9.6875, 10.125, 10.1875, 11.125 ], "texture": "#P2000" },
        "south": { "uv": [ 9.6875, 10.125, 10.1875, 11.125 ], "texture": "#P2000" },
        "west":  { "uv": [ 7.25, 10.125, 8.75, 11.125 ], "texture": "#P2000" },
        "east":  { "uv": [ 7.25, 10.125, 8.75, 11.125 ], "texture": "#P2000" }
    }
},
{
    "from": [ 11.0625, 0.8125, 7.01 ],
    "to": [ 14.0625, 2.125, 8.99 ],
    "faces": {
        "down":  { "uv": [ 0, 0, 0.875, 1.25 ], "texture": "#P2000" },
        "up":    { "uv": [ 0, 0, 0.875, 1.25 ], "texture": "#P2000" },
        "north": { "uv": [ 0, 0, 0.875, 1.125 ], "texture": "#P2000" },
        "south": { "uv": [ 0, 0, 0.875, 1.125 ], "texture": "#P2000" },
        "west":  { "uv": [ 0, 0, 0.75, 1.125 ], "texture": "#P2000" },
        "east":  { "uv": [ 0, 0, 0.75, 1.125 ], "texture": "#P2000" }
    }
},
{
    "from": [ 13.7925, 2.3125, 7 ],
    "to": [ 14.2925, 3.3125, 9 ],
    "faces": {
        "down":  { "uv": [ 2.1875, 9, 1.6875, 7 ], "texture": "#P2000" },
        "up":    { "uv": [ 12, 11.125, 12.5, 13.125 ], "texture": "#P2000" },
        "north": { "uv": [ 13.125, 13.25, 12.625, 14.25 ], "texture": "#P2000" },
        "south": { "uv": [ 12.625, 13.25, 13.125, 14.25 ], "texture": "#P2000" },
        "west":  { "uv": [ 7, 12.6875, 9, 13.6875 ], "texture": "#P2000" },
        "east":  { "uv": [ 7, 12.6875, 9, 13.6875 ], "texture": "#P2000" }
    }
},
{
    "from": [ 11.0625, 2.125, 7 ],
    "to": [ 14.6345, 2.585, 9 ],
    "faces": {
        "down":  { "uv": [ 6.5, 13.25, 3.375, 11.75 ], "texture": "#P2000" },
        "up":    { "uv": [ 6.5, 13.25, 3.375, 11.75 ], "texture": "#P2000" },
        "north": { "uv": [ 13.8125, 14.25, 10.25, 14.6875 ], "texture": "#P2000" },
        "south": { "uv": [ 10.25, 14.25, 13.8125, 14.6875 ], "texture": "#P2000" },
        "west":  { "uv": [ 7, 13.375, 9, 13.8125 ], "texture": "#P2000" },
        "east":  { "uv": [ 7, 13.375, 9, 13.8125 ], "texture": "#P2000" }
    }
},
{
    "from": [ 13, 8, 7 ],
    "to": [ 13.5, 8.375, 9 ],
    "faces": {
        "down":  { "uv": [ 3, 9, 2.5, 7 ], "texture": "#P2000" },
        "up":    { "uv": [ 13, 7, 13.5, 9 ], "texture": "#P2000" },
        "north": { "uv": [ 13, 7.625, 13.5, 8 ], "texture": "#P2000" },
        "south": { "uv": [ 13, 7.625, 13.5, 8 ], "texture": "#P2000" },
        "west":  { "uv": [ 7, 7.625, 9, 8 ], "texture": "#P2000" },
        "east":  { "uv": [ 7, 7.625, 9, 8 ], "texture": "#P2000" }
    }
},
{
    "from": [ 12.65, 9.75, 8.3 ],
    "to": [ 13.15, 10.25, 8.8 ],
    "faces": {
        "down":  { "uv": [ 0, 0, 0.875, 1.25 ], "texture": "#P2000" },
        "up":    { "uv": [ 0, 0, 0.875, 1.25 ], "texture": "#P2000" },
        "north": { "uv": [ 0, 0, 0.875, 1.125 ], "texture": "#P2000" },
        "south": { "uv": [ 0, 0, 0.875, 1.125 ], "texture": "#P2000" },
        "west":  { "uv": [ 0, 0, 0.75, 1.125 ], "texture": "#P2000" },
        "east":  { "uv": [ 0, 0, 0.75, 1.125 ], "texture": "#P2000" }
    }
},
{
    "from": [ 9.5, 9.7, 7.1875 ],
    "to": [ 13.38, 10, 8.8625 ],
    "faces": {
        "down":  { "uv": [ 6.5, 8.8125, 2.625, 7.1875 ], "texture": "#P2000" },
        "up":    { "uv": [ 6.125, 0.25, 3.125, 1.375 ], "texture": "#P2000" },
        "north": { "uv": [ 9.5, 6, 13.375, 6.25 ], "texture": "#P2000" },
        "south": { "uv": [ 9.5, 6, 13.375, 6.25 ], "texture": "#P2000" },
        "west":  { "uv": [ 7.1875, 6, 8.8125, 6.25 ], "texture": "#P2000" },
        "east":  { "uv": [ 7.125, 6, 8.75, 6.25 ], "texture": "#P2000" }
    }
},
{
    "from": [ 8.5625, 7.875, 6.99 ],
    "to": [ 9.5625, 9.625, 8.97 ],
    "faces": {
        "down":  { "uv": [ 7.4375, 9, 6.4375, 7 ], "texture": "#P2000" },
        "up":    { "uv": [ 8.5625, 7, 9.5625, 9 ], "texture": "#P2000" },
        "north": { "uv": [ 9.375, 6.125, 8.375, 7.875 ], "texture": "#P2000" },
        "south": { "uv": [ 8.375, 6.125, 9.375, 7.875 ], "texture": "#P2000" },
        "west":  { "uv": [ 7, 6.375, 9, 8.125 ], "texture": "#P2000" },
        "east":  { "uv": [ 7, 6.375, 9, 8.125 ], "texture": "#P2000" }
    }
},
{
    "from": [ 6.5, 6.125, 7.25 ],
    "to": [ 7.5, 6.625, 8.75 ],
    "faces": {
        "down":  { "uv": [ 11, 9.625, 12, 11.125 ], "texture": "#P2000" },
        "up":    { "uv": [ 11, 9.625, 12, 11.125 ], "texture": "#P2000" },
        "north": { "uv": [ 7.125, 8.625, 8.125, 9.125 ], "texture": "#P2000" },
        "south": { "uv": [ 7.125, 8.625, 8.125, 9.125 ], "texture": "#P2000" },
        "west":  { "uv": [ 7, 8.375, 8.5, 8.875 ], "texture": "#P2000" },
        "east":  { "uv": [ 7, 8.375, 8.5, 8.875 ], "texture": "#P2000" }
    }
},
{
    "from": [ 1, 9.8, 7 ],
    "to": [ 5, 10, 9 ],
    "faces": {
        "down":  { "uv": [ 15, 9, 11, 7 ], "texture": "#P2000" },
        "up":    { "uv": [ 13.125, 0.25, 9.125, 1.375 ], "texture": "#P2000" },
        "north": { "uv": [ 11, 6, 15, 6.1875 ], "texture": "#P2000" },
        "south": { "uv": [ 1, 6, 5, 6.1875 ], "texture": "#P2000" },
        "west":  { "uv": [ 9.625, 0.5, 11.625, 0.6875 ], "texture": "#P2000" },
        "east":  { "uv": [ 7, 6, 9, 6.1875 ], "texture": "#P2000" }
    }
},
{
    "from": [ 7.5, 9.8, 7 ],
    "to": [ 9.5, 10, 9 ],
    "faces": {
        "down":  { "uv": [ 8.5, 9, 6.5, 7 ], "texture": "#P2000" },
        "up":    { "uv": [ 7.125, 1.25, 6, 0.25 ], "texture": "#P2000" },
        "north": { "uv": [ 6.5, 6, 8.5, 6.1875 ], "texture": "#P2000" },
        "south": { "uv": [ 7.5, 6, 9.5, 6.1875 ], "texture": "#P2000" },
        "west":  { "uv": [ 7, 6, 9, 6.1875 ], "texture": "#P2000" },
        "east":  { "uv": [ 7, 6, 9, 6.1875 ], "texture": "#P2000" }
    }
},
{
    "from": [ 5, 8.9, 7.09 ],
    "to": [ 7.5, 9.9, 8.89 ],
    "faces": {
        "down":  { "uv": [ 0, 0, 0.875, 1.25 ], "texture": "#P2000" },
        "up":    { "uv": [ 0, 0, 0.875, 1.25 ], "texture": "#P2000" },
        "north": { "uv": [ 0, 0, 0.875, 1.125 ], "texture": "#P2000" },
        "south": { "uv": [ 0, 0, 0.875, 1.125 ], "texture": "#P2000" },
        "west":  { "uv": [ 0, 0, 0.75, 1.125 ], "texture": "#P2000" },
        "east":  { "uv": [ 0, 0, 0.75, 1.125 ], "texture": "#P2000" }
    }
},
{
    "from": [ 10.25, 0.9375, 7.0025 ],
    "to": [ 11.625, 1.375, 8.9825 ],
    "faces": {
        "down":  { "uv": [ 0, 0, 0.875, 1.25 ], "texture": "#P2000" },
        "up":    { "uv": [ 0, 0, 0.875, 1.25 ], "texture": "#P2000" },
        "north": { "uv": [ 0, 0, 0.875, 1.125 ], "texture": "#P2000" },
        "south": { "uv": [ 0, 0, 0.875, 1.125 ], "texture": "#P2000" },
        "west":  { "uv": [ 0, 0, 0.75, 1.125 ], "texture": "#P2000" },
        "east":  { "uv": [ 0, 0, 0.75, 1.125 ], "texture": "#P2000" }
    }
},
{
    "from": [ 10.25, 0.875, 7.0125 ],
    "to": [ 11.375, 1.375, 8.9925 ],
    "faces": {
        "down":  { "uv": [ 0, 0, 0.875, 1.25 ], "texture": "#P2000" },
        "up":    { "uv": [ 0, 0, 0.875, 1.25 ], "texture": "#P2000" },
        "north": { "uv": [ 0, 0, 0.875, 1.125 ], "texture": "#P2000" },
        "south": { "uv": [ 0, 0, 0.875, 1.125 ], "texture": "#P2000" },
        "west":  { "uv": [ 0, 0, 0.75, 1.125 ], "texture": "#P2000" },
        "east":  { "uv": [ 0, 0, 0.75, 1.125 ], "texture": "#P2000" }
    }
},
{
    "from": [ 10.6875, 1.125, 7.01 ],
    "to": [ 11.6875, 1.8125, 8.99 ],
    "faces": {
        "down":  { "uv": [ 0, 0, 0.875, 1.25 ], "texture": "#P2000" },
        "up":    { "uv": [ 0, 0, 0.875, 1.25 ], "texture": "#P2000" },
        "north": { "uv": [ 0, 0, 0.875, 1.125 ], "texture": "#P2000" },
        "south": { "uv": [ 0, 0, 0.875, 1.125 ], "texture": "#P2000" },
        "west":  { "uv": [ 0, 0, 0.75, 1.125 ], "texture": "#P2000" },
        "east":  { "uv": [ 0, 0, 0.75, 1.125 ], "texture": "#P2000" }
    }
},
{
    "from": [ 12.125, 2.5, 7 ],
    "to": [ 14.125, 3.3125, 9 ],
    "faces": {
        "down":  { "uv": [ 3.875, 9, 1.875, 7 ], "texture": "#P2000" },
        "up":    { "uv": [ 12.125, 7, 14.125, 9 ], "texture": "#P2000" },
        "north": { "uv": [ 13, 13.375, 11, 14.1875 ], "texture": "#P2000" },
        "south": { "uv": [ 11, 13.375, 13, 14.1875 ], "texture": "#P2000" },
        "west":  { "uv": [ 7, 12.6875, 9, 13.5 ], "texture": "#P2000" },
        "east":  { "uv": [ 7, 12.6875, 9, 13.5 ], "texture": "#P2000" }
    }
},
{
    "from": [ 8.625, 7, 7 ],
    "to": [ 10.8125, 7.4375, 9 ],
    "faces": {
        "down":  { "uv": [ 7.375, 9, 5.1875, 7 ], "texture": "#P2000" },
        "up":    { "uv": [ 11.125, 11.625, 13.3125, 13.625 ], "texture": "#P2000" },
        "north": { "uv": [ 10.8125, 8.5625, 8.625, 9 ], "texture": "#P2000" },
        "south": { "uv": [ 8.625, 8.5625, 10.8125, 9 ], "texture": "#P2000" },
        "west":  { "uv": [ 7, 8.5625, 9, 9 ], "texture": "#P2000" },
        "east":  { "uv": [ 7, 8.5625, 9, 9 ], "texture": "#P2000" }
    }
},
{
    "from": [ 10.25, 7.125, 7 ],
    "to": [ 12.25, 8, 9 ],
    "faces": {
        "down":  { "uv": [ 5.75, 9, 3.75, 8 ], "texture": "#P2000" },
        "up":    { "uv": [ 10.25, 8, 12.25, 9 ], "texture": "#P2000" },
        "north": { "uv": [ 12.25, 8, 10.25, 8.875 ], "texture": "#P2000" },
        "south": { "uv": [ 10.25, 8, 12.25, 8.875 ], "texture": "#P2000" },
        "west":  { "uv": [ 8, 8, 9, 8.875 ], "texture": "#P2000" },
        "east":  { "uv": [ 7, 8, 8, 8.875 ], "texture": "#P2000" }
    }
},
{
    "from": [ 9.8125, 7.955, 7 ],
    "to": [ 10.125, 8.375, 9 ],
    "faces": {
        "down":  { "uv": [ 6.1875, 9, 5.875, 7 ], "texture": "#P2000" },
        "up":    { "uv": [ 9.8125, 7, 10.125, 9 ], "texture": "#P2000" },
        "north": { "uv": [ 9.8125, 7.625, 10.125, 8 ], "texture": "#P2000" },
        "south": { "uv": [ 9.8125, 7.625, 10.125, 8 ], "texture": "#P2000" },
        "west":  { "uv": [ 7, 7.625, 9, 8 ], "texture": "#P2000" },
        "east":  { "uv": [ 7, 7.625, 9, 8 ], "texture": "#P2000" }
    }
},
{
    "from": [ 9.5, 8, 7 ],
    "to": [ 11, 8.25, 9 ],
    "faces": {
        "down":  { "uv": [ 6.5, 9, 5, 7 ], "texture": "#P2000" },
        "up":    { "uv": [ 9.5, 7, 11, 9 ], "texture": "#P2000" },
        "north": { "uv": [ 11, 7.75, 9.5, 8 ], "texture": "#P2000" },
        "south": { "uv": [ 9.5, 7.75, 11, 8 ], "texture": "#P2000" },
        "west":  { "uv": [ 7, 7.75, 9, 8 ], "texture": "#P2000" },
        "east":  { "uv": [ 7, 7.75, 9, 8 ], "texture": "#P2000" }
    }
},
{
    "from": [ 6.5, 7.5625, 8 ],
    "to": [ 10, 7.9375, 9 ],
    "faces": {
        "down":  { "uv": [ 0, 0, 0.875, 1.25 ], "texture": "#P2000" },
        "up":    { "uv": [ 0, 0, 0.875, 1.25 ], "texture": "#P2000" },
        "north": { "uv": [ 0, 0, 0.875, 1.125 ], "texture": "#P2000" },
        "south": { "uv": [ 0, 0, 0.875, 1.125 ], "texture": "#P2000" },
        "west":  { "uv": [ 0, 0, 0.75, 1.125 ], "texture": "#P2000" },
        "east":  { "uv": [ 0, 0, 0.75, 1.125 ], "texture": "#P2000" }
    }
},
{
    "from": [ 6.5, 7.25, 8 ],
    "to": [ 7.3125, 7.9375, 9 ],
    "faces": {
        "down":  { "uv": [ 0, 0, 0.875, 1.25 ], "texture": "#P2000" },
        "up":    { "uv": [ 0, 0, 0.875, 1.25 ], "texture": "#P2000" },
        "north": { "uv": [ 0, 0, 0.875, 1.125 ], "texture": "#P2000" },
        "south": { "uv": [ 0, 0, 0.875, 1.125 ], "texture": "#P2000" },
        "west":  { "uv": [ 0, 0, 0.75, 1.125 ], "texture": "#P2000" },
        "east":  { "uv": [ 0, 0, 0.75, 1.125 ], "texture": "#P2000" }
    }
},
{
    "from": [ 9.25, 7.625, 8.25 ],
    "to": [ 9.9375, 7.8125, 9.25 ],
    "faces": {
        "down":  { "uv": [ 0, 0, 0.875, 1.25 ], "texture": "#P2000" },
        "up":    { "uv": [ 0, 0, 0.875, 1.25 ], "texture": "#P2000" },
        "north": { "uv": [ 0, 0, 0.875, 1.125 ], "texture": "#P2000" },
        "south": { "uv": [ 0, 0, 0.875, 1.125 ], "texture": "#P2000" },
        "west":  { "uv": [ 0, 0, 0.75, 1.125 ], "texture": "#P2000" },
        "east":  { "uv": [ 0, 0, 0.75, 1.125 ], "texture": "#P2000" }
    }
}
],
"display": {
    "thirdperson_righthand": {
        "rotation": [ 0, -90, 0 ],
        "translation": [ 0, 0, 0 ],
        "scale": [ 0.5, 0.5, 0.5 ]
    },
    "firstperson_righthand": {
        "rotation": [ 0, -75, -13 ],
        "translation": [ -0.94, 1.32, 0 ],
        "scale": [ 1, 1, 1 ]
    }
}
}