{
"__comment": "Designed by Mayomi9 with BDcraft Cubik PRO 0.95 Beta - http://bdcraft.net",
"textures": {
    "AWP_Asiimov": "items/AWP_Asiimov"
},
"elements": [ 
{
    "from": [ 10.5, 6.5, 7.5 ],
    "to": [ 18, 8, 8 ],
    "faces": {
        "down":  { "uv": [ 9.75, 5.125, 14.25, 5.125 ], "texture": "#AWP_Asiimov" },
        "up":    { "uv": [ 10.5, 7.5, 16, 8 ], "texture": "#AWP_Asiimov" },
        "north": { "uv": [ 15.125, 3.5, 10.25, 4.625 ], "texture": "#AWP_Asiimov" },
        "south": { "uv": [ 10.25, 3.5, 15.125, 4.625 ], "texture": "#AWP_Asiimov" },
        "west":  { "uv": [ 3.5, 7.375, 4, 8.875 ], "texture": "#AWP_Asiimov" },
        "east":  { "uv": [ 3.625, 5.5, 4.125, 7 ], "texture": "#AWP_Asiimov" }
    }
},
{
    "from": [ 10.5, 7.8125, 7 ],
    "to": [ 18, 8, 7.5 ],
    "faces": {
        "down":  { "uv": [ 4.375, 9.25, 8.75, 9.375 ], "texture": "#AWP_Asiimov" },
        "up":    { "uv": [ 4.375, 9.25, 8.75, 9.25 ], "texture": "#AWP_Asiimov" },
        "north": { "uv": [ 8.75, 9.25, 4.25, 9.5 ], "texture": "#AWP_Asiimov" },
        "south": { "uv": [ 4.25, 9.25, 8.75, 9.5 ], "texture": "#AWP_Asiimov" },
        "west":  { "uv": [ 7.5, 8, 8, 8.1875 ], "texture": "#AWP_Asiimov" },
        "east":  { "uv": [ 8, 9.25, 8.5, 9.4375 ], "texture": "#AWP_Asiimov" }
    }
},
{
    "from": [ 10.5, 6.5, 7 ],
    "to": [ 16.8125, 7.5, 7.5 ],
    "faces": {
        "down":  { "uv": [ 9.375, 5.25, 14.75, 5.25 ], "texture": "#AWP_Asiimov" },
        "up":    { "uv": [ 7.625, 8, 13.125, 8.5 ], "texture": "#AWP_Asiimov" },
        "north": { "uv": [ 14, 3.625, 9.25, 5 ], "texture": "#AWP_Asiimov" },
        "south": { "uv": [ 14.125, 3.625, 9.25, 5 ], "texture": "#AWP_Asiimov" },
        "west":  { "uv": [ 8, 8.5, 8.5, 9.5 ], "texture": "#AWP_Asiimov" },
        "east":  { "uv": [ 7.25, 0.125, 8.125, 0.375 ], "texture": "#AWP_Asiimov" }
    }
},
{
    "from": [ 10.5, 7.5, 7.125 ],
    "to": [ 16.8125, 7.8125, 7.5 ],
    "faces": {
        "down":  { "uv": [ 5.5, 8.375, 0, 8 ], "texture": "#AWP_Asiimov" },
        "up":    { "uv": [ 10.5, 8, 16, 8.375 ], "texture": "#AWP_Asiimov" },
        "north": { "uv": [ 8.375, 9.625, 3.375, 10 ], "texture": "#AWP_Asiimov" },
        "south": { "uv": [ 3.375, 9.625, 8.25, 10 ], "texture": "#AWP_Asiimov" },
        "west":  { "uv": [ 7.625, 8.1875, 8, 8.5 ], "texture": "#AWP_Asiimov" },
        "east":  { "uv": [ 7.875, 8.875, 8.25, 9.1875 ], "texture": "#AWP_Asiimov" }
    }
},
{
    "from": [ 16.8125, 6.5, 7 ],
    "to": [ 18, 7, 7.5 ],
    "faces": {
        "down":  { "uv": [ 1, 8.5, 1.5, 8 ], "texture": "#AWP_Asiimov" },
        "up":    { "uv": [ 9, 11.25, 9.5, 10.25 ], "rotation": 90, "texture": "#AWP_Asiimov" },
        "north": { "uv": [ 15.125, 4, 14.125, 4.5 ], "texture": "#AWP_Asiimov" },
        "south": { "uv": [ 0, 9, 0, 9.5 ], "texture": "#AWP_Asiimov" },
        "west":  { "uv": [ 7.75, 9, 8.25, 9.5 ], "texture": "#AWP_Asiimov" },
        "east":  { "uv": [ 7.75, 9, 8.25, 9.5 ], "texture": "#AWP_Asiimov" }
    }
},
{
    "from": [ 17.75, 7, 7 ],
    "to": [ 18, 7.8125, 7.5 ],
    "faces": {
        "down":  { "uv": [ 0, 8.5, 0, 8 ], "texture": "#AWP_Asiimov" },
        "up":    { "uv": [ 0, 8.5, 0, 8 ], "texture": "#AWP_Asiimov" },
        "north": { "uv": [ 0, 8.1875, 0, 9 ], "texture": "#AWP_Asiimov" },
        "south": { "uv": [ 0, 8.1875, 0, 9 ], "texture": "#AWP_Asiimov" },
        "west":  { "uv": [ 12, 11.75, 12.5, 12.5625 ], "texture": "#AWP_Asiimov" },
        "east":  { "uv": [ 12, 11.75, 12.5, 12.5625 ], "texture": "#AWP_Asiimov" }
    }
},
{
    "from": [ 10.5, 7.8125, 8 ],
    "to": [ 18, 8, 8.5 ],
    "faces": {
        "down":  { "uv": [ 4.375, 9.25, 8.75, 9.375 ], "texture": "#AWP_Asiimov" },
        "up":    { "uv": [ 4.375, 9.25, 8.75, 9.25 ], "texture": "#AWP_Asiimov" },
        "north": { "uv": [ 4.25, 9.25, 8.75, 9.5 ], "texture": "#AWP_Asiimov" },
        "south": { "uv": [ 4.25, 9.25, 8.75, 9.5 ], "texture": "#AWP_Asiimov" },
        "west":  { "uv": [ 7.5, 8, 8, 8.1875 ], "texture": "#AWP_Asiimov" },
        "east":  { "uv": [ 8, 9.25, 8.5, 9.4375 ], "texture": "#AWP_Asiimov" }
    }
},
{
    "from": [ 10.5, 6.5, 8 ],
    "to": [ 16.8125, 7.5, 8.5 ],
    "faces": {
        "down":  { "uv": [ 9.375, 5.25, 14.75, 5.25 ], "texture": "#AWP_Asiimov" },
        "up":    { "uv": [ 7.625, 8, 13.125, 8.5 ], "texture": "#AWP_Asiimov" },
        "north": { "uv": [ 9.25, 3.625, 14, 5 ], "texture": "#AWP_Asiimov" },
        "south": { "uv": [ 9.25, 3.625, 14.125, 5 ], "texture": "#AWP_Asiimov" },
        "west":  { "uv": [ 8, 8.5, 8.5, 9.5 ], "texture": "#AWP_Asiimov" },
        "east":  { "uv": [ 7.25, 0.125, 8.125, 0.375 ], "texture": "#AWP_Asiimov" }
    }
},
{
    "from": [ 10.5, 7.5, 8 ],
    "to": [ 16.8125, 7.8125, 8.375 ],
    "faces": {
        "down":  { "uv": [ 5.5, 8.375, 0, 8 ], "texture": "#AWP_Asiimov" },
        "up":    { "uv": [ 10.5, 8, 16, 8.375 ], "texture": "#AWP_Asiimov" },
        "north": { "uv": [ 3.375, 9.625, 8.375, 10 ], "texture": "#AWP_Asiimov" },
        "south": { "uv": [ 3.375, 9.625, 8.25, 10 ], "texture": "#AWP_Asiimov" },
        "west":  { "uv": [ 7.625, 8.1875, 8, 8.5 ], "texture": "#AWP_Asiimov" },
        "east":  { "uv": [ 7.875, 8.875, 8.25, 9.1875 ], "texture": "#AWP_Asiimov" }
    }
},
{
    "from": [ 16.8125, 6.5, 8 ],
    "to": [ 18, 7, 8.5 ],
    "faces": {
        "down":  { "uv": [ 1, 8.5, 1.5, 8 ], "texture": "#AWP_Asiimov" },
        "up":    { "uv": [ 9, 11.25, 9.5, 10.25 ], "rotation": 90, "texture": "#AWP_Asiimov" },
        "north": { "uv": [ 0, 9, 0, 9.5 ], "texture": "#AWP_Asiimov" },
        "south": { "uv": [ 14.125, 4, 15.125, 4.5 ], "texture": "#AWP_Asiimov" },
        "west":  { "uv": [ 7.75, 9, 8.25, 9.5 ], "texture": "#AWP_Asiimov" },
        "east":  { "uv": [ 7.75, 9, 8.25, 9.5 ], "texture": "#AWP_Asiimov" }
    }
},
{
    "from": [ 17.75, 7, 8 ],
    "to": [ 18, 7.8125, 8.5 ],
    "faces": {
        "down":  { "uv": [ 0, 8.5, 0, 8 ], "texture": "#AWP_Asiimov" },
        "up":    { "uv": [ 0, 8.5, 0, 8 ], "texture": "#AWP_Asiimov" },
        "north": { "uv": [ 0, 8.1875, 0, 9 ], "texture": "#AWP_Asiimov" },
        "south": { "uv": [ 0, 8.1875, 0, 9 ], "texture": "#AWP_Asiimov" },
        "west":  { "uv": [ 12, 11.75, 12.5, 12.5625 ], "texture": "#AWP_Asiimov" },
        "east":  { "uv": [ 12, 11.75, 12.5, 12.5625 ], "texture": "#AWP_Asiimov" }
    }
},
{
    "from": [ 18.5, 7.75, 7.5 ],
    "to": [ 28.5, 8.25, 8 ],
    "faces": {
        "down":  { "uv": [ 9.75, 3.5, 14.25, 3.625 ], "texture": "#AWP_Asiimov" },
        "up":    { "uv": [ 9.875, 3.5, 14.375, 3.625 ], "texture": "#AWP_Asiimov" },
        "north": { "uv": [ 14.5, 3.625, 9.25, 3.875 ], "texture": "#AWP_Asiimov" },
        "south": { "uv": [ 9.25, 3.625, 14.5, 3.875 ], "texture": "#AWP_Asiimov" },
        "west":  { "uv": [ 0, 7.875, 0.5, 8.375 ], "texture": "#AWP_Asiimov" },
        "east":  { "uv": [ 0, 7.875, 0.5, 8.375 ], "texture": "#AWP_Asiimov" }
    }
},
{
    "from": [ 7.5, 6.5, 7 ],
    "to": [ 10.5, 8, 8.5 ],
    "faces": {
        "down":  { "uv": [ 8.5, 8.5, 5.5, 7 ], "texture": "#AWP_Asiimov" },
        "up":    { "uv": [ 5.125, 7.125, 8.125, 8.625 ], "texture": "#AWP_Asiimov" },
        "north": { "uv": [ 5.125, 6.75, 8.125, 8.25 ], "texture": "#AWP_Asiimov" },
        "south": { "uv": [ 5.125, 6.75, 8.125, 8.25 ], "texture": "#AWP_Asiimov" },
        "west":  { "uv": [ 6.125, 6.875, 7.625, 8.375 ], "texture": "#AWP_Asiimov" },
        "east":  { "uv": [ 6.125, 6.875, 7.625, 8.375 ], "texture": "#AWP_Asiimov" }
    }
},
{
    "from": [ 8.5, 7.875, 7.375 ],
    "to": [ 9.5, 8.375, 8.125 ],
    "faces": {
        "down":  { "uv": [ 6.875, 7.375, 7.875, 8.125 ], "texture": "#AWP_Asiimov" },
        "up":    { "uv": [ 6.875, 7.375, 7.875, 8.125 ], "texture": "#AWP_Asiimov" },
        "north": { "uv": [ 6.5, 7.625, 7.5, 8.125 ], "texture": "#AWP_Asiimov" },
        "south": { "uv": [ 6.5, 7.625, 7.5, 8.125 ], "texture": "#AWP_Asiimov" },
        "west":  { "uv": [ 7.375, 7.625, 8.125, 8.125 ], "texture": "#AWP_Asiimov" },
        "east":  { "uv": [ 7.375, 7.625, 8.125, 8.125 ], "texture": "#AWP_Asiimov" }
    }
},
{
    "from": [ 2.5, 7.5, 7.25 ],
    "to": [ 8.5625, 8.5, 8.25 ],
    "faces": {
        "down":  { "uv": [ 16, 6.875, 15.75, 6 ], "texture": "#AWP_Asiimov" },
        "up":    { "uv": [ 9.375, 2.875, 12, 3.375 ], "texture": "#AWP_Asiimov" },
        "north": { "uv": [ 15.125, 2.5, 9.375, 3.5 ], "texture": "#AWP_Asiimov" },
        "south": { "uv": [ 9.375, 2.5, 15.125, 3.5 ], "texture": "#AWP_Asiimov" },
        "west":  { "uv": [ 1.5, 3.75, 2.5, 4.75 ], "texture": "#AWP_Asiimov" },
        "east":  { "uv": [ 7.75, 7.5, 8.75, 8.5 ], "texture": "#AWP_Asiimov" }
    }
},
{
    "from": [ 1.125, 6.5, 7 ],
    "to": [ 7.5, 7.5, 8.5 ],
    "faces": {
        "down":  { "uv": [ 3.5, 7.25, 7.375, 8.125 ], "texture": "#AWP_Asiimov" },
        "up":    { "uv": [ 3.5, 7.25, 7.375, 8.125 ], "texture": "#AWP_Asiimov" },
        "north": { "uv": [ 15, 7, 3.125, 8.625 ], "texture": "#AWP_Asiimov" },
        "south": { "uv": [ 3.125, 7, 15, 8.625 ], "texture": "#AWP_Asiimov" },
        "west":  { "uv": [ 4.125, 7.25, 5.625, 8.25 ], "texture": "#AWP_Asiimov" },
        "east":  { "uv": [ 4.125, 7.25, 5.625, 8.25 ], "texture": "#AWP_Asiimov" }
    }
},
{
    "from": [ 7.5, 7, 7.01 ],
    "to": [ 8, 8, 8.49 ],
    "faces": {
        "down":  { "uv": [ 15.125, 0.125, 15.625, 1.625 ], "texture": "#AWP_Asiimov" },
        "up":    { "uv": [ 15.125, 0.125, 15.625, 1.625 ], "texture": "#AWP_Asiimov" },
        "north": { "uv": [ 15, 0, 15.5, 1 ], "texture": "#AWP_Asiimov" },
        "south": { "uv": [ 15, 0, 15.5, 1 ], "texture": "#AWP_Asiimov" },
        "west":  { "uv": [ 12.25, 0, 13.75, 1 ], "texture": "#AWP_Asiimov" },
        "east":  { "uv": [ 12.25, 0, 13.75, 1 ], "texture": "#AWP_Asiimov" }
    }
},
{
    "from": [ 4, 7.5, 7 ],
    "to": [ 4.5, 8, 8.5 ],
    "faces": {
        "down":  { "uv": [ 2.25, 7.625, 2.75, 9.125 ], "texture": "#AWP_Asiimov" },
        "up":    { "uv": [ 2.25, 7.625, 2.75, 9.125 ], "texture": "#AWP_Asiimov" },
        "north": { "uv": [ 1.875, 7.75, 2.375, 8.25 ], "texture": "#AWP_Asiimov" },
        "south": { "uv": [ 1.875, 7.75, 2.375, 8.25 ], "texture": "#AWP_Asiimov" },
        "west":  { "uv": [ 1.25, 4, 2.75, 4.5 ], "texture": "#AWP_Asiimov" },
        "east":  { "uv": [ 1.25, 4, 2.75, 4.5 ], "texture": "#AWP_Asiimov" }
    }
},
{
    "from": [ 4.125, 6.625, 7.01 ],
    "to": [ 4.625, 7.625, 8.49 ],
    "faces": {
        "down":  { "uv": [ 15.375, 0, 15.875, 1.5 ], "texture": "#AWP_Asiimov" },
        "up":    { "uv": [ 15.375, 0, 15.875, 1.5 ], "texture": "#AWP_Asiimov" },
        "north": { "uv": [ 15, 0, 15.5, 1 ], "texture": "#AWP_Asiimov" },
        "south": { "uv": [ 15, 0, 15.5, 1 ], "texture": "#AWP_Asiimov" },
        "west":  { "uv": [ 13, 0.125, 14.5, 1.125 ], "texture": "#AWP_Asiimov" },
        "east":  { "uv": [ 13, 0.125, 14.5, 1.125 ], "texture": "#AWP_Asiimov" }
    }
},
{
    "from": [ 8.5, 5.6975, 6.99 ],
    "to": [ 10.5, 6.6975, 8.51 ],
    "faces": {
        "down":  { "uv": [ 13.5, 12.625, 12.125, 11.625 ], "texture": "#AWP_Asiimov" },
        "up":    { "uv": [ 4.5, 11.875, 6.5, 13.375 ], "texture": "#AWP_Asiimov" },
        "north": { "uv": [ 8.875, 11.75, 10.875, 10.75 ], "texture": "#AWP_Asiimov" },
        "south": { "uv": [ 8.875, 11.75, 10.875, 10.75 ], "texture": "#AWP_Asiimov" },
        "west":  { "uv": [ 6.5, 11.625, 8, 12.625 ], "texture": "#AWP_Asiimov" },
        "east":  { "uv": [ 7.75, 11.375, 9.25, 12.375 ], "texture": "#AWP_Asiimov" }
    }
},
{
    "from": [ 4, 5.75, 7 ],
    "to": [ 8.875, 6.5, 8.5 ],
    "faces": {
        "down":  { "uv": [ 12, 8.5, 7.125, 7 ], "texture": "#AWP_Asiimov" },
        "up":    { "uv": [ 4, 7, 8.875, 8.5 ], "texture": "#AWP_Asiimov" },
        "north": { "uv": [ 3.875, 7.625, 8.75, 8.375 ], "texture": "#AWP_Asiimov" },
        "south": { "uv": [ 3.875, 7.625, 8.75, 8.375 ], "texture": "#AWP_Asiimov" },
        "west":  { "uv": [ 3.25, 8.875, 4.75, 9.625 ], "texture": "#AWP_Asiimov" },
        "east":  { "uv": [ 3.25, 8.875, 4.75, 9.625 ], "texture": "#AWP_Asiimov" }
    }
},
{
    "from": [ 5.5, 5, 7.25 ],
    "to": [ 7.5, 6, 8.25 ],
    "faces": {
        "down":  { "uv": [ 11.625, 10.375, 13.625, 11.375 ], "texture": "#AWP_Asiimov" },
        "up":    { "uv": [ 7.875, 8.5, 5.875, 7.5 ], "texture": "#AWP_Asiimov" },
        "north": { "uv": [ 14, 10, 16, 11.5 ], "texture": "#AWP_Asiimov" },
        "south": { "uv": [ 14, 10, 16, 11.5 ], "texture": "#AWP_Asiimov" },
        "west":  { "uv": [ 14.125, 10, 14.375, 11.5 ], "texture": "#AWP_Asiimov" },
        "east":  { "uv": [ 14.125, 10, 14.375, 11.5 ], "texture": "#AWP_Asiimov" }
    }
},
{
    "from": [ 3.75, 6, 7 ],
    "to": [ 4.25, 6.75, 8.5 ],
    "faces": {
        "down":  { "uv": [ 3.375, 7.5, 3.875, 9 ], "texture": "#AWP_Asiimov" },
        "up":    { "uv": [ 3.375, 7.5, 3.875, 9 ], "texture": "#AWP_Asiimov" },
        "north": { "uv": [ 11, 13.25, 11.5, 14.25 ], "texture": "#AWP_Asiimov" },
        "south": { "uv": [ 11, 13.25, 11.5, 14.25 ], "texture": "#AWP_Asiimov" },
        "west":  { "uv": [ 5.5, 13.125, 7, 14.125 ], "texture": "#AWP_Asiimov" },
        "east":  { "uv": [ 5.5, 13.125, 7, 14.125 ], "texture": "#AWP_Asiimov" }
    }
},
{
    "from": [ 4, 5.4375, 7.5 ],
    "to": [ 4.0625, 5.9375, 8 ],
    "faces": {
        "down":  { "uv": [ 12.375, 11, 12.875, 12 ], "texture": "#AWP_Asiimov" },
        "up":    { "uv": [ 12.375, 11, 12.875, 12 ], "texture": "#AWP_Asiimov" },
        "north": { "uv": [ 12.4375, 10.5, 12.5, 11 ], "texture": "#AWP_Asiimov" },
        "south": { "uv": [ 12.4375, 10.5, 12.5, 11 ], "texture": "#AWP_Asiimov" },
        "west":  { "uv": [ 11.875, 10.375, 12.875, 10.875 ], "texture": "#AWP_Asiimov" },
        "east":  { "uv": [ 11.875, 10.375, 12.875, 10.875 ], "texture": "#AWP_Asiimov" }
    }
},
{
    "from": [ 2.5, 5.4375, 7.5 ],
    "to": [ 3.875, 5.5, 8 ],
    "faces": {
        "down":  { "uv": [ 12.375, 11, 12.875, 12 ], "texture": "#AWP_Asiimov" },
        "up":    { "uv": [ 12.375, 11, 12.875, 12 ], "texture": "#AWP_Asiimov" },
        "north": { "uv": [ 12.4375, 10.5, 12.5, 11 ], "texture": "#AWP_Asiimov" },
        "south": { "uv": [ 12.4375, 10.5, 12.5, 11 ], "texture": "#AWP_Asiimov" },
        "west":  { "uv": [ 11.875, 10.375, 12.875, 10.875 ], "texture": "#AWP_Asiimov" },
        "east":  { "uv": [ 11.875, 10.375, 12.875, 10.875 ], "texture": "#AWP_Asiimov" }
    }
},
{
    "from": [ 2.3125, 5.405, 7.5 ],
    "to": [ 2.375, 5.905, 8 ],
    "faces": {
        "down":  { "uv": [ 12.375, 11, 12.875, 12 ], "texture": "#AWP_Asiimov" },
        "up":    { "uv": [ 12.375, 11, 12.875, 12 ], "texture": "#AWP_Asiimov" },
        "north": { "uv": [ 12.4375, 10.5, 12.5, 11 ], "texture": "#AWP_Asiimov" },
        "south": { "uv": [ 12.4375, 10.5, 12.5, 11 ], "texture": "#AWP_Asiimov" },
        "west":  { "uv": [ 11.875, 10.375, 12.875, 10.875 ], "texture": "#AWP_Asiimov" },
        "east":  { "uv": [ 11.875, 10.375, 12.875, 10.875 ], "texture": "#AWP_Asiimov" }
    }
},
{
    "from": [ 1.6875, 4.875, 7.01 ],
    "to": [ 2.6875, 6.875, 8.49 ],
    "faces": {
        "down":  { "uv": [ 12, 11.125, 13, 12.625 ], "texture": "#AWP_Asiimov" },
        "up":    { "uv": [ 12, 11.125, 13, 12.625 ], "texture": "#AWP_Asiimov" },
        "north": { "uv": [ 12.25, 10.875, 13.25, 12.875 ], "texture": "#AWP_Asiimov" },
        "south": { "uv": [ 12.25, 10.875, 13.25, 12.875 ], "texture": "#AWP_Asiimov" },
        "west":  { "uv": [ 11.875, 10.75, 13.375, 12.75 ], "texture": "#AWP_Asiimov" },
        "east":  { "uv": [ 11.875, 10.75, 13.375, 12.75 ], "texture": "#AWP_Asiimov" }
    }
},
{
    "from": [ 1, 4, 7 ],
    "to": [ 2, 5, 8.5 ],
    "faces": {
        "down":  { "uv": [ 12, 11.125, 13, 12.625 ], "texture": "#AWP_Asiimov" },
        "up":    { "uv": [ 12, 11.125, 13, 12.625 ], "texture": "#AWP_Asiimov" },
        "north": { "uv": [ 12.25, 10.875, 13.25, 12.875 ], "texture": "#AWP_Asiimov" },
        "south": { "uv": [ 12.25, 10.875, 13.25, 12.875 ], "texture": "#AWP_Asiimov" },
        "west":  { "uv": [ 11.875, 10.75, 13.375, 12.75 ], "texture": "#AWP_Asiimov" },
        "east":  { "uv": [ 11.875, 10.75, 13.375, 12.75 ], "texture": "#AWP_Asiimov" }
    }
},
{
    "from": [ 2, 7, 7 ],
    "to": [ 3, 7.5, 8.5 ],
    "faces": {
        "down":  { "uv": [ 14.375, 6.25, 15.375, 7.75 ], "texture": "#AWP_Asiimov" },
        "up":    { "uv": [ 14.375, 6.25, 15.375, 7.75 ], "texture": "#AWP_Asiimov" },
        "north": { "uv": [ 14, 6.5, 15, 7 ], "texture": "#AWP_Asiimov" },
        "south": { "uv": [ 14, 6.5, 15, 7 ], "texture": "#AWP_Asiimov" },
        "west":  { "uv": [ 6.25, 6.375, 7.75, 6.875 ], "texture": "#AWP_Asiimov" },
        "east":  { "uv": [ 6.25, 6.375, 7.75, 6.875 ], "texture": "#AWP_Asiimov" }
    }
},
{
    "from": [ 3.625, 7.625, 7.5 ],
    "to": [ 3.875, 7.875, 9 ],
    "faces": {
        "down":  { "uv": [ 3.625, 7.5, 3.875, 9 ], "texture": "#AWP_Asiimov" },
        "up":    { "uv": [ 3.625, 7.5, 3.875, 9 ], "texture": "#AWP_Asiimov" },
        "north": { "uv": [ 12.125, 8.125, 12.375, 8.375 ], "texture": "#AWP_Asiimov" },
        "south": { "uv": [ 3.625, 8.125, 3.875, 8.375 ], "texture": "#AWP_Asiimov" },
        "west":  { "uv": [ 7.5, 8.125, 9, 8.375 ], "texture": "#AWP_Asiimov" },
        "east":  { "uv": [ 7, 8.125, 8.5, 8.375 ], "texture": "#AWP_Asiimov" }
    }
},
{
    "from": [ 2.875, 7.5, 7 ],
    "to": [ 3.5, 7.875, 8.5 ],
    "faces": {
        "down":  { "uv": [ 3.375, 7.25, 4, 8.75 ], "texture": "#AWP_Asiimov" },
        "up":    { "uv": [ 3.375, 7.25, 4, 8.75 ], "texture": "#AWP_Asiimov" },
        "north": { "uv": [ 12.5, 8.125, 13.125, 8.5 ], "texture": "#AWP_Asiimov" },
        "south": { "uv": [ 12.5, 8.125, 13.125, 8.5 ], "texture": "#AWP_Asiimov" },
        "west":  { "uv": [ 7, 8.125, 8.5, 8.5 ], "texture": "#AWP_Asiimov" },
        "east":  { "uv": [ 7, 8.125, 8.5, 8.5 ], "texture": "#AWP_Asiimov" }
    }
},
{
    "from": [ 2.9, 5.9, 7.5 ],
    "to": [ 2.9625, 6.9, 8 ],
    "faces": {
        "down":  { "uv": [ 12.375, 11, 12.875, 12 ], "texture": "#AWP_Asiimov" },
        "up":    { "uv": [ 12.375, 11, 12.875, 12 ], "texture": "#AWP_Asiimov" },
        "north": { "uv": [ 12.4375, 10.5, 12.5, 11 ], "texture": "#AWP_Asiimov" },
        "south": { "uv": [ 12.4375, 10.5, 12.5, 11 ], "texture": "#AWP_Asiimov" },
        "west":  { "uv": [ 11.875, 10.375, 12.875, 10.875 ], "texture": "#AWP_Asiimov" },
        "east":  { "uv": [ 11.875, 10.375, 12.875, 10.875 ], "texture": "#AWP_Asiimov" }
    }
},
{
    "from": [ 2.9, 5.5875, 7.5 ],
    "to": [ 2.9625, 5.9, 8 ],
    "faces": {
        "down":  { "uv": [ 12.375, 11, 12.875, 12 ], "texture": "#AWP_Asiimov" },
        "up":    { "uv": [ 12.375, 11, 12.875, 12 ], "texture": "#AWP_Asiimov" },
        "north": { "uv": [ 12.4375, 10.5, 12.5, 11 ], "texture": "#AWP_Asiimov" },
        "south": { "uv": [ 12.4375, 10.5, 12.5, 11 ], "texture": "#AWP_Asiimov" },
        "west":  { "uv": [ 11.875, 10.375, 12.875, 10.875 ], "texture": "#AWP_Asiimov" },
        "east":  { "uv": [ 11.875, 10.375, 12.875, 10.875 ], "texture": "#AWP_Asiimov" }
    }
},
{
    "from": [ 3.13, 5.67, 7.5 ],
    "to": [ 3.3175, 5.7325, 8 ],
    "faces": {
        "down":  { "uv": [ 12.375, 11, 12.875, 12 ], "texture": "#AWP_Asiimov" },
        "up":    { "uv": [ 12.375, 11, 12.875, 12 ], "texture": "#AWP_Asiimov" },
        "north": { "uv": [ 12.4375, 10.5, 12.5, 11 ], "texture": "#AWP_Asiimov" },
        "south": { "uv": [ 12.4375, 10.5, 12.5, 11 ], "texture": "#AWP_Asiimov" },
        "west":  { "uv": [ 11.875, 10.375, 12.875, 10.875 ], "texture": "#AWP_Asiimov" },
        "east":  { "uv": [ 11.875, 10.375, 12.875, 10.875 ], "texture": "#AWP_Asiimov" }
    }
},
{
    "from": [ 28.5, 7.625, 7.375 ],
    "to": [ 29, 8.375, 8.125 ],
    "faces": {
        "down":  { "uv": [ 0, 8.5, 0.5, 9.25 ], "texture": "#AWP_Asiimov" },
        "up":    { "uv": [ 0, 8.5, 0.5, 9.25 ], "texture": "#AWP_Asiimov" },
        "north": { "uv": [ 0, 7.625, 0, 8.375 ], "texture": "#AWP_Asiimov" },
        "south": { "uv": [ 0, 7.625, 0, 8.375 ], "texture": "#AWP_Asiimov" },
        "west":  { "uv": [ 0, 8.5, 0.5, 9 ], "texture": "#AWP_Asiimov" },
        "east":  { "uv": [ 0, 8.5, 0.5, 9 ], "texture": "#AWP_Asiimov" }
    }
},
{
    "from": [ 17, 6, 8.1875 ],
    "to": [ 18, 6.5, 8.5 ],
    "faces": {
        "down":  { "uv": [ 1, 6.25, 1.5, 6.75 ], "texture": "#AWP_Asiimov" },
        "up":    { "uv": [ 16, 7, 16, 7.3125 ], "texture": "#AWP_Asiimov" },
        "north": { "uv": [ 2.125, 8.75, 2.625, 9.25 ], "texture": "#AWP_Asiimov" },
        "south": { "uv": [ 14.125, 4.125, 14.625, 4.5 ], "texture": "#AWP_Asiimov" },
        "west":  { "uv": [ 2, 9.375, 2.3125, 9.875 ], "texture": "#AWP_Asiimov" },
        "east":  { "uv": [ 8.6875, 9.5, 9, 10 ], "texture": "#AWP_Asiimov" }
    }
},
{
    "from": [ 17, 6, 7 ],
    "to": [ 18, 6.5, 7.3125 ],
    "faces": {
        "down":  { "uv": [ 1, 6.25, 1.5, 6.75 ], "texture": "#AWP_Asiimov" },
        "up":    { "uv": [ 16, 7, 16, 7.3125 ], "texture": "#AWP_Asiimov" },
        "north": { "uv": [ 14.625, 4.125, 14.125, 4.5 ], "texture": "#AWP_Asiimov" },
        "south": { "uv": [ 1, 4.125, 1.5, 4.625 ], "texture": "#AWP_Asiimov" },
        "west":  { "uv": [ 2, 9.375, 2.3125, 9.875 ], "texture": "#AWP_Asiimov" },
        "east":  { "uv": [ 8.6875, 9.5, 9, 10 ], "texture": "#AWP_Asiimov" }
    }
},
{
    "from": [ 17.5, 6.125, 8.5 ],
    "to": [ 22.5, 6.375, 8.75 ],
    "faces": {
        "down":  { "uv": [ 13.5, 6.5, 14, 7 ], "texture": "#AWP_Asiimov" },
        "up":    { "uv": [ 13.5, 6.5, 14, 7 ], "texture": "#AWP_Asiimov" },
        "north": { "uv": [ 5, 7.5, 5.5, 8 ], "texture": "#AWP_Asiimov" },
        "south": { "uv": [ 5, 7.5, 5.5, 8 ], "texture": "#AWP_Asiimov" },
        "west":  { "uv": [ 7, 7, 7.5, 7.5 ], "texture": "#AWP_Asiimov" },
        "east":  { "uv": [ 7, 7, 7.5, 7.5 ], "texture": "#AWP_Asiimov" }
    }
},
{
    "from": [ 17.5, 6.125, 6.75 ],
    "to": [ 22.5, 6.375, 7 ],
    "faces": {
        "down":  { "uv": [ 14, 6, 14.5, 6.5 ], "texture": "#AWP_Asiimov" },
        "up":    { "uv": [ 14, 6, 14.5, 6.5 ], "texture": "#AWP_Asiimov" },
        "north": { "uv": [ 7.5, 7.5, 8, 8 ], "texture": "#AWP_Asiimov" },
        "south": { "uv": [ 7.5, 7.5, 8, 8 ], "texture": "#AWP_Asiimov" },
        "west":  { "uv": [ 13.5, 7, 14, 7.5 ], "texture": "#AWP_Asiimov" },
        "east":  { "uv": [ 13.5, 7, 14, 7.5 ], "texture": "#AWP_Asiimov" }
    }
},
{
    "from": [ 22.5, 6, 6.625 ],
    "to": [ 23, 6.5, 7.125 ],
    "faces": {
        "down":  { "uv": [ 0, 7.125, 0, 6.625 ], "texture": "#AWP_Asiimov" },
        "up":    { "uv": [ 0, 7.125, 0, 6.625 ], "texture": "#AWP_Asiimov" },
        "north": { "uv": [ 0, 9.5, 0, 10 ], "texture": "#AWP_Asiimov" },
        "south": { "uv": [ 0, 9.5, 0, 10 ], "texture": "#AWP_Asiimov" },
        "west":  { "uv": [ 8.375, 9.5, 8.875, 10 ], "texture": "#AWP_Asiimov" },
        "east":  { "uv": [ 5.625, 10.5, 6.125, 11 ], "texture": "#AWP_Asiimov" }
    }
},
{
    "from": [ 22.5, 6, 8.375 ],
    "to": [ 23, 6.5, 8.875 ],
    "faces": {
        "down":  { "uv": [ 0, 8.875, 0, 8.375 ], "texture": "#AWP_Asiimov" },
        "up":    { "uv": [ 16, 8.375, 16, 8.875 ], "texture": "#AWP_Asiimov" },
        "north": { "uv": [ 0, 9.5, 0, 10 ], "texture": "#AWP_Asiimov" },
        "south": { "uv": [ 16, 9.5, 16, 10 ], "texture": "#AWP_Asiimov" },
        "west":  { "uv": [ 8.375, 9.5, 8.875, 9.75 ], "texture": "#AWP_Asiimov" },
        "east":  { "uv": [ 7.125, 10, 7.625, 10.5 ], "texture": "#AWP_Asiimov" }
    }
},
{
    "from": [ 19.5, 6.0875, 6.6875 ],
    "to": [ 20.5, 6.4375, 7.0375 ],
    "faces": {
        "down":  { "uv": [ 0, 7, 0, 6.6875 ], "texture": "#AWP_Asiimov" },
        "up":    { "uv": [ 0, 7, 0, 6.6875 ], "texture": "#AWP_Asiimov" },
        "north": { "uv": [ 0, 9.5625, 0, 9.875 ], "texture": "#AWP_Asiimov" },
        "south": { "uv": [ 0, 9.5625, 0, 9.875 ], "texture": "#AWP_Asiimov" },
        "west":  { "uv": [ 8.5, 9.5, 8.8125, 9.8125 ], "texture": "#AWP_Asiimov" },
        "east":  { "uv": [ 8.5, 9.5, 8.8125, 9.8125 ], "texture": "#AWP_Asiimov" }
    }
},
{
    "from": [ 19.5, 6.0875, 8.4375 ],
    "to": [ 20.5, 6.4375, 8.7875 ],
    "faces": {
        "down":  { "uv": [ 0, 8.75, 0, 8.4375 ], "texture": "#AWP_Asiimov" },
        "up":    { "uv": [ 0, 8.75, 0, 8.4375 ], "texture": "#AWP_Asiimov" },
        "north": { "uv": [ 0, 9.5625, 0, 9.875 ], "texture": "#AWP_Asiimov" },
        "south": { "uv": [ 0, 9.5625, 0, 9.875 ], "texture": "#AWP_Asiimov" },
        "west":  { "uv": [ 8.4375, 9.5625, 8.75, 9.875 ], "texture": "#AWP_Asiimov" },
        "east":  { "uv": [ 8.4375, 9.5625, 8.75, 9.875 ], "texture": "#AWP_Asiimov" }
    }
},
{
    "from": [ -0.8125, 4.3125, 7 ],
    "to": [ 1, 5, 8.5 ],
    "faces": {
        "down":  { "uv": [ 10.875, 11.125, 11.875, 9.125 ], "rotation": 90, "texture": "#AWP_Asiimov" },
        "up":    { "uv": [ 10.875, 11.125, 11.875, 9.125 ], "rotation": 90, "texture": "#AWP_Asiimov" },
        "north": { "uv": [ 11, 9.125, 12, 11.125 ], "rotation": 90, "texture": "#AWP_Asiimov" },
        "south": { "uv": [ 12, 11.125, 11, 9.125 ], "rotation": 90, "texture": "#AWP_Asiimov" },
        "west":  { "uv": [ 11.875, 10.75, 13.375, 12.75 ], "texture": "#AWP_Asiimov" },
        "east":  { "uv": [ 11.875, 10.75, 13.375, 12.75 ], "texture": "#AWP_Asiimov" }
    }
},
{
    "from": [ 1.1875, 4.5625, 7 ],
    "to": [ 1.6875, 5.5625, 8.5 ],
    "faces": {
        "down":  { "uv": [ 12, 11.125, 13, 12.625 ], "texture": "#AWP_Asiimov" },
        "up":    { "uv": [ 12, 11.125, 13, 12.625 ], "texture": "#AWP_Asiimov" },
        "north": { "uv": [ 12.25, 10.875, 13.25, 12.875 ], "texture": "#AWP_Asiimov" },
        "south": { "uv": [ 12.25, 10.875, 13.25, 12.875 ], "texture": "#AWP_Asiimov" },
        "west":  { "uv": [ 11.875, 10.75, 13.375, 12.75 ], "texture": "#AWP_Asiimov" },
        "east":  { "uv": [ 11.875, 10.75, 13.375, 12.75 ], "texture": "#AWP_Asiimov" }
    }
},
{
    "from": [ 0.625, 5.9375, 7.03 ],
    "to": [ 1.125, 6.9375, 8.49 ],
    "faces": {
        "down":  { "uv": [ 16, 8.5, 16, 7 ], "texture": "#AWP_Asiimov" },
        "up":    { "uv": [ 16, 8.5, 16, 7 ], "texture": "#AWP_Asiimov" },
        "north": { "uv": [ 9.625, 9, 9.125, 10 ], "texture": "#AWP_Asiimov" },
        "south": { "uv": [ 9.125, 9, 9.625, 10 ], "texture": "#AWP_Asiimov" },
        "west":  { "uv": [ 9.125, 11.875, 10.625, 10.875 ], "texture": "#AWP_Asiimov" },
        "east":  { "uv": [ 14.5, 0, 16, 1 ], "texture": "#AWP_Asiimov" }
    }
},
{
    "from": [ 1.25, 5.625, 7 ],
    "to": [ 1.625, 6.5, 8.5 ],
    "faces": {
        "down":  { "uv": [ 12, 11.125, 13, 12.625 ], "texture": "#AWP_Asiimov" },
        "up":    { "uv": [ 12, 11.125, 13, 12.625 ], "texture": "#AWP_Asiimov" },
        "north": { "uv": [ 12.25, 10.875, 13.25, 12.875 ], "texture": "#AWP_Asiimov" },
        "south": { "uv": [ 12.25, 10.875, 13.25, 12.875 ], "texture": "#AWP_Asiimov" },
        "west":  { "uv": [ 11.875, 10.75, 13.375, 12.75 ], "texture": "#AWP_Asiimov" },
        "east":  { "uv": [ 11.875, 10.75, 13.375, 12.75 ], "texture": "#AWP_Asiimov" }
    }
},
{
    "from": [ 0.375, 7, 7 ],
    "to": [ 1.1875, 7.3125, 8.5 ],
    "faces": {
        "down":  { "uv": [ 14, 8.5, 14.5, 7 ], "texture": "#AWP_Asiimov" },
        "up":    { "uv": [ 14, 8.5, 14.5, 7 ], "texture": "#AWP_Asiimov" },
        "north": { "uv": [ 5.875, 12.125, 6.375, 13.125 ], "texture": "#AWP_Asiimov" },
        "south": { "uv": [ 5.875, 12.125, 6.375, 13.125 ], "texture": "#AWP_Asiimov" },
        "west":  { "uv": [ 5.375, 11.875, 6.875, 12.875 ], "texture": "#AWP_Asiimov" },
        "east":  { "uv": [ 5.375, 11.875, 6.875, 12.875 ], "texture": "#AWP_Asiimov" }
    }
},
{
    "from": [ 0.1875, 4.6875, 7 ],
    "to": [ 0.8125, 4.875, 8.5 ],
    "faces": {
        "down":  { "uv": [ 12, 11.125, 13, 12.625 ], "texture": "#AWP_Asiimov" },
        "up":    { "uv": [ 12, 11.125, 13, 12.625 ], "texture": "#AWP_Asiimov" },
        "north": { "uv": [ 12.25, 10.875, 13.25, 12.875 ], "texture": "#AWP_Asiimov" },
        "south": { "uv": [ 12.25, 10.875, 13.25, 12.875 ], "texture": "#AWP_Asiimov" },
        "west":  { "uv": [ 11.875, 10.75, 13.375, 12.75 ], "texture": "#AWP_Asiimov" },
        "east":  { "uv": [ 11.875, 10.75, 13.375, 12.75 ], "texture": "#AWP_Asiimov" }
    }
},
{
    "from": [ -0.4375, 4.8125, 7.01 ],
    "to": [ 0.1875, 5.1875, 8.49 ],
    "faces": {
        "down":  { "uv": [ 14, 7, 14.5, 8.5 ], "texture": "#AWP_Asiimov" },
        "up":    { "uv": [ 14, 7, 14.5, 8.5 ], "texture": "#AWP_Asiimov" },
        "north": { "uv": [ 5.5, 12.5, 6, 13 ], "texture": "#AWP_Asiimov" },
        "south": { "uv": [ 5.5, 12.5, 6, 13 ], "texture": "#AWP_Asiimov" },
        "west":  { "uv": [ 5.625, 12.25, 7.125, 12.75 ], "texture": "#AWP_Asiimov" },
        "east":  { "uv": [ 5.625, 12.25, 7.125, 12.75 ], "texture": "#AWP_Asiimov" }
    }
},
{
    "from": [ -0.75, 5, 7 ],
    "to": [ 0.25, 5.5, 8.5 ],
    "faces": {
        "down":  { "uv": [ 6, 11.625, 6.5, 13.125 ], "texture": "#AWP_Asiimov" },
        "up":    { "uv": [ 6, 11.625, 6.5, 13.125 ], "texture": "#AWP_Asiimov" },
        "north": { "uv": [ 6.125, 12, 6.625, 12.5 ], "texture": "#AWP_Asiimov" },
        "south": { "uv": [ 6.125, 12, 6.625, 12.5 ], "texture": "#AWP_Asiimov" },
        "west":  { "uv": [ 5.5, 12, 7, 12.5 ], "texture": "#AWP_Asiimov" },
        "east":  { "uv": [ 5.5, 12, 7, 12.5 ], "texture": "#AWP_Asiimov" }
    }
},
{
    "from": [ -1.25, 4.625, 7 ],
    "to": [ -0.8125, 5.625, 8.5 ],
    "faces": {
        "down":  { "uv": [ 5.625, 12, 6.125, 13.5 ], "texture": "#AWP_Asiimov" },
        "up":    { "uv": [ 5.625, 12, 6.125, 13.5 ], "texture": "#AWP_Asiimov" },
        "north": { "uv": [ 5.625, 12.5, 6.125, 13.5 ], "texture": "#AWP_Asiimov" },
        "south": { "uv": [ 5.625, 12.5, 6.125, 13.5 ], "texture": "#AWP_Asiimov" },
        "west":  { "uv": [ 5.125, 12, 6.625, 13 ], "texture": "#AWP_Asiimov" },
        "east":  { "uv": [ 5.125, 12, 6.625, 13 ], "texture": "#AWP_Asiimov" }
    }
},
{
    "from": [ 3.6875, 7.625, 8.8125 ],
    "to": [ 3.9375, 7.875, 9.625 ],
    "faces": {
        "down":  { "uv": [ 12.375, 10, 12.125, 9 ], "texture": "#AWP_Asiimov" },
        "up":    { "uv": [ 3.625, 9, 3.875, 10 ], "texture": "#AWP_Asiimov" },
        "north": { "uv": [ 12.125, 8.125, 12.375, 8.375 ], "texture": "#AWP_Asiimov" },
        "south": { "uv": [ 3.625, 8.125, 3.875, 8.375 ], "texture": "#AWP_Asiimov" },
        "west":  { "uv": [ 9, 8.125, 10, 8.375 ], "texture": "#AWP_Asiimov" },
        "east":  { "uv": [ 6, 8.125, 7, 8.375 ], "texture": "#AWP_Asiimov" }
    }
},
{
    "from": [ 2.75, 7.5, 9.5625 ],
    "to": [ 3.25, 8, 10.0625 ],
    "faces": {
        "down":  { "uv": [ 0, 4, 0, 4.5 ], "texture": "#AWP_Asiimov" },
        "up":    { "uv": [ 0, 4, 0, 4.5 ], "texture": "#AWP_Asiimov" },
        "north": { "uv": [ 0, 0, 0, 1 ], "texture": "#AWP_Asiimov" },
        "south": { "uv": [ 0, 0, 0, 1 ], "texture": "#AWP_Asiimov" },
        "west":  { "uv": [ 3.75, 0, 4.25, 1 ], "texture": "#AWP_Asiimov" },
        "east":  { "uv": [ 3.75, 0, 4.25, 1 ], "texture": "#AWP_Asiimov" }
    }
},
{
    "from": [ -1.5, 4.3125, 7 ],
    "to": [ -0.8125, 7, 8.5 ],
    "faces": {
        "down":  { "uv": [ 3.75, 3.125, 4.25, 4.625 ], "texture": "#AWP_Asiimov" },
        "up":    { "uv": [ 1.625, 3.125, 2.125, 4.625 ], "texture": "#AWP_Asiimov" },
        "north": { "uv": [ 10.375, 7.125, 10.625, 4.625 ], "texture": "#AWP_Asiimov" },
        "south": { "uv": [ 10.625, 7, 10.375, 4.625 ], "texture": "#AWP_Asiimov" },
        "west":  { "uv": [ 1, 2.25, 2.5, 4.9375 ], "texture": "#AWP_Asiimov" },
        "east":  { "uv": [ 4.875, 12.375, 6.375, 15.0625 ], "texture": "#AWP_Asiimov" }
    }
},
{
    "from": [ -1.0625, 5.875, 7 ],
    "to": [ -0.5625, 6.875, 8.5 ],
    "faces": {
        "down":  { "uv": [ 6, 7, 6.5, 8.5 ], "texture": "#AWP_Asiimov" },
        "up":    { "uv": [ 6, 7, 6.5, 8.5 ], "texture": "#AWP_Asiimov" },
        "north": { "uv": [ 14.5, 0, 15, 0.5 ], "texture": "#AWP_Asiimov" },
        "south": { "uv": [ 14.5, 0, 15, 0.5 ], "texture": "#AWP_Asiimov" },
        "west":  { "uv": [ 11.625, 0, 13.125, 0.5 ], "texture": "#AWP_Asiimov" },
        "east":  { "uv": [ 11.625, 0, 13.125, 0.5 ], "texture": "#AWP_Asiimov" }
    }
},
{
    "from": [ -1.375, 6.0625, 7 ],
    "to": [ -0.375, 6.5625, 8.5 ],
    "faces": {
        "down":  { "uv": [ 13.5, 8.5, 14, 7 ], "texture": "#AWP_Asiimov" },
        "up":    { "uv": [ 13.5, 8.5, 14, 7 ], "texture": "#AWP_Asiimov" },
        "north": { "uv": [ 14, 0, 14.5, 0.5 ], "texture": "#AWP_Asiimov" },
        "south": { "uv": [ 14, 0, 14.5, 0.5 ], "texture": "#AWP_Asiimov" },
        "west":  { "uv": [ 12.5, 0.5, 14, 1 ], "texture": "#AWP_Asiimov" },
        "east":  { "uv": [ 12.5, 0.5, 14, 1 ], "texture": "#AWP_Asiimov" }
    }
},
{
    "from": [ -1, 6.625, 7 ],
    "to": [ 0, 7.125, 8.5 ],
    "faces": {
        "down":  { "uv": [ 14.5, 7, 15, 8.5 ], "texture": "#AWP_Asiimov" },
        "up":    { "uv": [ 14.5, 7, 15, 8.5 ], "texture": "#AWP_Asiimov" },
        "north": { "uv": [ 14, 0, 14.5, 0.5 ], "texture": "#AWP_Asiimov" },
        "south": { "uv": [ 14, 0, 14.5, 0.5 ], "texture": "#AWP_Asiimov" },
        "west":  { "uv": [ 12.125, 0.125, 13.625, 0.625 ], "texture": "#AWP_Asiimov" },
        "east":  { "uv": [ 12.125, 0.125, 13.625, 0.625 ], "texture": "#AWP_Asiimov" }
    }
},
{
    "from": [ -1.5, 7, 7 ],
    "to": [ 1.125, 7.5, 8.5 ],
    "faces": {
        "down":  { "uv": [ 5, 12.125, 6.125, 13.625 ], "texture": "#AWP_Asiimov" },
        "up":    { "uv": [ 5, 12.125, 6.125, 13.625 ], "texture": "#AWP_Asiimov" },
        "north": { "uv": [ 14.625, 7.875, 15.75, 8.375 ], "texture": "#AWP_Asiimov" },
        "south": { "uv": [ 14.625, 7.875, 15.75, 8.375 ], "texture": "#AWP_Asiimov" },
        "west":  { "uv": [ 6.875, 8, 8.375, 8.5 ], "texture": "#AWP_Asiimov" },
        "east":  { "uv": [ 6.875, 8, 8.375, 8.5 ], "texture": "#AWP_Asiimov" }
    }
},
{
    "from": [ 0.5, 4.25, 7 ],
    "to": [ 1.25, 4.5625, 8.5 ],
    "faces": {
        "down":  { "uv": [ 12, 11.125, 13, 12.625 ], "texture": "#AWP_Asiimov" },
        "up":    { "uv": [ 12, 11.125, 13, 12.625 ], "texture": "#AWP_Asiimov" },
        "north": { "uv": [ 12.25, 10.875, 13.25, 12.875 ], "texture": "#AWP_Asiimov" },
        "south": { "uv": [ 12.25, 10.875, 13.25, 12.875 ], "texture": "#AWP_Asiimov" },
        "west":  { "uv": [ 11.875, 10.75, 13.375, 12.75 ], "texture": "#AWP_Asiimov" },
        "east":  { "uv": [ 11.875, 10.75, 13.375, 12.75 ], "texture": "#AWP_Asiimov" }
    }
},
{
    "from": [ -1.875, 4.9375, 6.99 ],
    "to": [ -0.8125, 5.4375, 8.51 ],
    "faces": {
        "down":  { "uv": [ 1, 3.25, 1.5, 4.75 ], "texture": "#AWP_Asiimov" },
        "up":    { "uv": [ 3.75, 7.5, 4.25, 9 ], "texture": "#AWP_Asiimov" },
        "north": { "uv": [ 12.25, 1.75, 15, 2.375 ], "texture": "#AWP_Asiimov" },
        "south": { "uv": [ 12.25, 1.875, 15, 2.375 ], "texture": "#AWP_Asiimov" },
        "west":  { "uv": [ 7, 0, 8.5, 0.5 ], "texture": "#AWP_Asiimov" },
        "east":  { "uv": [ 7.5, 0, 9, 0.5 ], "texture": "#AWP_Asiimov" }
    }
},
{
    "from": [ -5.5, 5, 7 ],
    "to": [ -1.5, 7.5, 8.5 ],
    "faces": {
        "down":  { "uv": [ 1.5, 4.125, 2, 2.625 ], "texture": "#AWP_Asiimov" },
        "up":    { "uv": [ 6, 7, 6.5, 8.5 ], "texture": "#AWP_Asiimov" },
        "north": { "uv": [ 4.875, 13.25, 0, 16 ], "texture": "#AWP_Asiimov" },
        "south": { "uv": [ 0, 13.25, 4.875, 16 ], "texture": "#AWP_Asiimov" },
        "west":  { "uv": [ 7, 8.5, 8.5, 11 ], "texture": "#AWP_Asiimov" },
        "east":  { "uv": [ 7.5, 8.5, 9, 11 ], "texture": "#AWP_Asiimov" }
    }
},
{
    "from": [ -5.5, 4.5, 7.25 ],
    "to": [ -4, 5.5, 8.25 ],
    "faces": {
        "down":  { "uv": [ 2, 7.25, 2.5, 8.25 ], "texture": "#AWP_Asiimov" },
        "up":    { "uv": [ 2, 7.25, 2.5, 8.25 ], "texture": "#AWP_Asiimov" },
        "north": { "uv": [ 5.5, 10.5, 6, 11 ], "texture": "#AWP_Asiimov" },
        "south": { "uv": [ 5.5, 10.5, 6, 11 ], "texture": "#AWP_Asiimov" },
        "west":  { "uv": [ 5.875, 10.5, 6.875, 11 ], "texture": "#AWP_Asiimov" },
        "east":  { "uv": [ 5.875, 10.5, 6.875, 11 ], "texture": "#AWP_Asiimov" }
    }
},
{
    "from": [ -7, 4.5, 6.75 ],
    "to": [ -5.5, 8, 8.75 ],
    "faces": {
        "down":  { "uv": [ 0, 6.25, 2.75, 6.75 ], "texture": "#AWP_Asiimov" },
        "up":    { "uv": [ 0, 6.25, 2.75, 6.75 ], "texture": "#AWP_Asiimov" },
        "north": { "uv": [ 2.625, 6.25, 0, 11.125 ], "texture": "#AWP_Asiimov" },
        "south": { "uv": [ 0, 6.25, 2.625, 11.125 ], "texture": "#AWP_Asiimov" },
        "west":  { "uv": [ 12, 11.75, 13.125, 12.25 ], "texture": "#AWP_Asiimov" },
        "east":  { "uv": [ 1, 2.125, 2.5, 4.875 ], "texture": "#AWP_Asiimov" }
    }
},
{
    "from": [ -5.625, 6.875, 7.25 ],
    "to": [ -2.125, 7.875, 8.25 ],
    "faces": {
        "down":  { "uv": [ 16, 8.25, 16, 7.25 ], "texture": "#AWP_Asiimov" },
        "up":    { "uv": [ 0, 7.25, 0, 8.25 ], "texture": "#AWP_Asiimov" },
        "north": { "uv": [ 16, 8.125, 16, 9.125 ], "texture": "#AWP_Asiimov" },
        "south": { "uv": [ 0, 8.125, 0, 9.125 ], "texture": "#AWP_Asiimov" },
        "west":  { "uv": [ 7.25, 8.125, 8.25, 9.125 ], "texture": "#AWP_Asiimov" },
        "east":  { "uv": [ 7.75, 8.125, 8.75, 9.125 ], "texture": "#AWP_Asiimov" }
    }
},
{
    "from": [ -2.125, 7.375, 7.25 ],
    "to": [ -1.125, 7.875, 8.25 ],
    "faces": {
        "down":  { "uv": [ 16, 5, 16, 4 ], "texture": "#AWP_Asiimov" },
        "up":    { "uv": [ 0, 4, 0, 5 ], "texture": "#AWP_Asiimov" },
        "north": { "uv": [ 16, 4, 16, 4.5 ], "texture": "#AWP_Asiimov" },
        "south": { "uv": [ 0, 4, 0, 4.5 ], "texture": "#AWP_Asiimov" },
        "west":  { "uv": [ 4, 4, 5, 4.5 ], "texture": "#AWP_Asiimov" },
        "east":  { "uv": [ 11, 4, 12, 4.5 ], "texture": "#AWP_Asiimov" }
    }
},
{
    "from": [ 29, 7.7, 7.45 ],
    "to": [ 30.5, 8.3, 8.05 ],
    "faces": {
        "down":  { "uv": [ 0, 8, 0, 7.4375 ], "texture": "#AWP_Asiimov" },
        "up":    { "uv": [ 0, 8, 0, 7.4375 ], "texture": "#AWP_Asiimov" },
        "north": { "uv": [ 0, 7.6875, 0, 8.25 ], "texture": "#AWP_Asiimov" },
        "south": { "uv": [ 0, 7.6875, 0, 8.25 ], "texture": "#AWP_Asiimov" },
        "west":  { "uv": [ 0, 8.5, 0.5625, 9.0625 ], "texture": "#AWP_Asiimov" },
        "east":  { "uv": [ 0, 8.5, 0.5625, 9.0625 ], "texture": "#AWP_Asiimov" }
    }
},
{
    "from": [ 7, 8.25, 7.5 ],
    "to": [ 7.5, 9.25, 8 ],
    "faces": {
        "down":  { "uv": [ 9, 8, 8.5, 7.5 ], "texture": "#AWP_Asiimov" },
        "up":    { "uv": [ 1.625, 3.5, 2.125, 4 ], "texture": "#AWP_Asiimov" },
        "north": { "uv": [ 0.875, 3.25, 1.375, 4.25 ], "texture": "#AWP_Asiimov" },
        "south": { "uv": [ 0.875, 3.25, 1.375, 4.25 ], "texture": "#AWP_Asiimov" },
        "west":  { "uv": [ 1.875, 3.5, 2.375, 4.5 ], "texture": "#AWP_Asiimov" },
        "east":  { "uv": [ 1.875, 3.5, 2.375, 4.5 ], "texture": "#AWP_Asiimov" }
    }
},
{
    "from": [ 4, 8.25, 7.5 ],
    "to": [ 4.5, 9.25, 8 ],
    "faces": {
        "down":  { "uv": [ 9, 8, 8.5, 7.5 ], "texture": "#AWP_Asiimov" },
        "up":    { "uv": [ 1.625, 3.5, 2.125, 4 ], "texture": "#AWP_Asiimov" },
        "north": { "uv": [ 0.875, 3.25, 1.375, 4.25 ], "texture": "#AWP_Asiimov" },
        "south": { "uv": [ 0.875, 3.25, 1.375, 4.25 ], "texture": "#AWP_Asiimov" },
        "west":  { "uv": [ 1.875, 3.5, 2.375, 4.5 ], "texture": "#AWP_Asiimov" },
        "east":  { "uv": [ 1.875, 3.5, 2.375, 4.5 ], "texture": "#AWP_Asiimov" }
    }
},
{
    "from": [ 4, 9.25, 7.25 ],
    "to": [ 4.5, 10.25, 8.25 ],
    "faces": {
        "down":  { "uv": [ 1.625, 3.5, 2.125, 4 ], "texture": "#AWP_Asiimov" },
        "up":    { "uv": [ 1.625, 3.5, 2.125, 4 ], "texture": "#AWP_Asiimov" },
        "north": { "uv": [ 0.875, 3.25, 1.375, 4.25 ], "texture": "#AWP_Asiimov" },
        "south": { "uv": [ 0.875, 3.25, 1.375, 4.25 ], "texture": "#AWP_Asiimov" },
        "west":  { "uv": [ 1.875, 3.5, 2.375, 4.5 ], "texture": "#AWP_Asiimov" },
        "east":  { "uv": [ 1.875, 3.5, 2.375, 4.5 ], "texture": "#AWP_Asiimov" }
    }
},
{
    "from": [ 7, 9.25, 7.25 ],
    "to": [ 7.5, 10.25, 8.25 ],
    "faces": {
        "down":  { "uv": [ 1.625, 3.5, 2.125, 4 ], "texture": "#AWP_Asiimov" },
        "up":    { "uv": [ 1.625, 3.5, 2.125, 4 ], "texture": "#AWP_Asiimov" },
        "north": { "uv": [ 0.875, 3.25, 1.375, 4.25 ], "texture": "#AWP_Asiimov" },
        "south": { "uv": [ 0.875, 3.25, 1.375, 4.25 ], "texture": "#AWP_Asiimov" },
        "west":  { "uv": [ 1.875, 3.5, 2.375, 4.5 ], "texture": "#AWP_Asiimov" },
        "east":  { "uv": [ 1.875, 3.5, 2.375, 4.5 ], "texture": "#AWP_Asiimov" }
    }
},
{
    "from": [ 3, 9.35, 7.35 ],
    "to": [ 8.5, 10.15, 8.15 ],
    "faces": {
        "down":  { "uv": [ 10.5, 5.625, 16, 6.375 ], "texture": "#AWP_Asiimov" },
        "up":    { "uv": [ 10.5, 5.625, 16, 6.375 ], "texture": "#AWP_Asiimov" },
        "north": { "uv": [ 10.5, 5.75, 16, 6.5 ], "texture": "#AWP_Asiimov" },
        "south": { "uv": [ 10.5, 5.75, 16, 6.5 ], "texture": "#AWP_Asiimov" },
        "west":  { "uv": [ 5.25, 6.25, 6, 7 ], "texture": "#AWP_Asiimov" },
        "east":  { "uv": [ 5.25, 6.25, 6, 7 ], "texture": "#AWP_Asiimov" }
    }
},
{
    "from": [ 5.25, 9.25, 7.25 ],
    "to": [ 6.25, 10.25, 8.25 ],
    "faces": {
        "down":  { "uv": [ 11.5, 10.875, 12.5, 11.875 ], "texture": "#AWP_Asiimov" },
        "up":    { "uv": [ 11.5, 10.875, 12.5, 11.875 ], "texture": "#AWP_Asiimov" },
        "north": { "uv": [ 12.75, 11.625, 13.75, 12.625 ], "texture": "#AWP_Asiimov" },
        "south": { "uv": [ 12.75, 11.625, 13.75, 12.625 ], "texture": "#AWP_Asiimov" },
        "west":  { "uv": [ 11.875, 10.875, 12.875, 11.875 ], "texture": "#AWP_Asiimov" },
        "east":  { "uv": [ 11.875, 10.875, 12.875, 11.875 ], "texture": "#AWP_Asiimov" }
    }
},
{
    "from": [ 5.5, 9.5, 7.125 ],
    "to": [ 6, 10, 8.375 ],
    "faces": {
        "down":  { "uv": [ 1.5, 4.625, 2, 5.125 ], "texture": "#AWP_Asiimov" },
        "up":    { "uv": [ 1.5, 4.625, 2, 5.125 ], "texture": "#AWP_Asiimov" },
        "north": { "uv": [ 5.375, 0, 7, 1.625 ], "texture": "#AWP_Asiimov" },
        "south": { "uv": [ 5.375, 0, 7, 1.625 ], "texture": "#AWP_Asiimov" },
        "west":  { "uv": [ 0.875, 3.75, 1.375, 4.25 ], "texture": "#AWP_Asiimov" },
        "east":  { "uv": [ 0.875, 3.75, 1.375, 4.25 ], "texture": "#AWP_Asiimov" }
    }
},
{
    "from": [ 5.5, 10.25, 7.5 ],
    "to": [ 6, 10.75, 8 ],
    "faces": {
        "down":  { "uv": [ 1.75, 2.625, 2.25, 3.125 ], "texture": "#AWP_Asiimov" },
        "up":    { "uv": [ 5.375, 0, 7, 1.625 ], "texture": "#AWP_Asiimov" },
        "north": { "uv": [ 0.5, 2.625, 2.125, 4.25 ], "texture": "#AWP_Asiimov" },
        "south": { "uv": [ 0.5, 2.625, 2.125, 4.25 ], "texture": "#AWP_Asiimov" },
        "west":  { "uv": [ 0.875, 3.75, 1.375, 4.25 ], "texture": "#AWP_Asiimov" },
        "east":  { "uv": [ 0.875, 3.75, 1.375, 4.25 ], "texture": "#AWP_Asiimov" }
    }
},
{
    "from": [ 1.5, 9.25, 7.25 ],
    "to": [ 3.5, 10.25, 8.25 ],
    "faces": {
        "down":  { "uv": [ 7.875, 13.125, 11.875, 14.75 ], "texture": "#AWP_Asiimov" },
        "up":    { "uv": [ 7.875, 13.125, 11.875, 14.75 ], "texture": "#AWP_Asiimov" },
        "north": { "uv": [ 11.75, 13.125, 7.875, 14.75 ], "texture": "#AWP_Asiimov" },
        "south": { "uv": [ 7.875, 13.125, 11.75, 14.75 ], "texture": "#AWP_Asiimov" },
        "west":  { "uv": [ 5.625, 3.5, 7, 4.875 ], "texture": "#AWP_Asiimov" },
        "east":  { "uv": [ 7.75, 5.5, 8.75, 6.5 ], "texture": "#AWP_Asiimov" }
    }
},
{
    "from": [ 9.125, 9, 7 ],
    "to": [ 10.125, 10.5, 8.5 ],
    "faces": {
        "down":  { "uv": [ 12.375, 10.875, 13.375, 12.375 ], "texture": "#AWP_Asiimov" },
        "up":    { "uv": [ 12.375, 10.875, 13.375, 12.375 ], "texture": "#AWP_Asiimov" },
        "north": { "uv": [ 12.25, 10.75, 13.25, 12.25 ], "texture": "#AWP_Asiimov" },
        "south": { "uv": [ 12.25, 10.75, 13.25, 12.25 ], "texture": "#AWP_Asiimov" },
        "west":  { "uv": [ 11.625, 10.875, 13.125, 12.375 ], "texture": "#AWP_Asiimov" },
        "east":  { "uv": [ 5.5, 3.5, 7, 5 ], "texture": "#AWP_Asiimov" }
    }
},
{
    "from": [ 8, 9.25, 7.25 ],
    "to": [ 9, 10.25, 8.25 ],
    "faces": {
        "down":  { "uv": [ 7.125, 7.25, 8.125, 8.25 ], "texture": "#AWP_Asiimov" },
        "up":    { "uv": [ 7.125, 7.25, 8.125, 8.25 ], "texture": "#AWP_Asiimov" },
        "north": { "uv": [ 6.375, 7, 7.375, 8 ], "texture": "#AWP_Asiimov" },
        "south": { "uv": [ 6.375, 7, 7.375, 8 ], "texture": "#AWP_Asiimov" },
        "west":  { "uv": [ 6.25, 7.625, 7.25, 8.625 ], "texture": "#AWP_Asiimov" },
        "east":  { "uv": [ 6.25, 7.625, 7.25, 8.625 ], "texture": "#AWP_Asiimov" }
    }
},
{
    "from": [ 8.5, 9.125, 7.125 ],
    "to": [ 9.5, 10.375, 8.375 ],
    "faces": {
        "down":  { "uv": [ 7.5, 8.375, 6.5, 7.125 ], "texture": "#AWP_Asiimov" },
        "up":    { "uv": [ 12.25, 11.375, 13.25, 12.625 ], "texture": "#AWP_Asiimov" },
        "north": { "uv": [ 15.75, 8.875, 14.75, 10 ], "texture": "#AWP_Asiimov" },
        "south": { "uv": [ 14.75, 8.875, 15.75, 10 ], "texture": "#AWP_Asiimov" },
        "west":  { "uv": [ 5.75, 8.875, 7, 10.125 ], "texture": "#AWP_Asiimov" },
        "east":  { "uv": [ 7.625, 5.375, 8.875, 6.625 ], "texture": "#AWP_Asiimov" }
    }
},
{
    "from": [ 2.5, 8.4875, 7.25 ],
    "to": [ 2.5625, 8.55, 8.25 ],
    "faces": {
        "down":  { "uv": [ 2, 7.25, 2.5, 8.25 ], "texture": "#AWP_Asiimov" },
        "up":    { "uv": [ 2, 7.25, 2.5, 8.25 ], "texture": "#AWP_Asiimov" },
        "north": { "uv": [ 1, 3.5, 1.5, 4 ], "texture": "#AWP_Asiimov" },
        "south": { "uv": [ 1, 3.5, 1.5, 4 ], "texture": "#AWP_Asiimov" },
        "west":  { "uv": [ 1.75, 7, 2.75, 7.5 ], "texture": "#AWP_Asiimov" },
        "east":  { "uv": [ 1.75, 7, 2.75, 7.5 ], "texture": "#AWP_Asiimov" }
    }
},
{
    "from": [ 2.75, 8.4875, 7.25 ],
    "to": [ 2.8125, 8.55, 8.25 ],
    "faces": {
        "down":  { "uv": [ 2, 7.25, 2.5, 8.25 ], "texture": "#AWP_Asiimov" },
        "up":    { "uv": [ 2, 7.25, 2.5, 8.25 ], "texture": "#AWP_Asiimov" },
        "north": { "uv": [ 1, 3.5, 1.5, 4 ], "texture": "#AWP_Asiimov" },
        "south": { "uv": [ 1, 3.5, 1.5, 4 ], "texture": "#AWP_Asiimov" },
        "west":  { "uv": [ 1.75, 7, 2.75, 7.5 ], "texture": "#AWP_Asiimov" },
        "east":  { "uv": [ 1.75, 7, 2.75, 7.5 ], "texture": "#AWP_Asiimov" }
    }
},
{
    "from": [ 3, 8.4875, 7.25 ],
    "to": [ 3.0625, 8.55, 8.25 ],
    "faces": {
        "down":  { "uv": [ 2, 7.25, 2.5, 8.25 ], "texture": "#AWP_Asiimov" },
        "up":    { "uv": [ 2, 7.25, 2.5, 8.25 ], "texture": "#AWP_Asiimov" },
        "north": { "uv": [ 1, 3.5, 1.5, 4 ], "texture": "#AWP_Asiimov" },
        "south": { "uv": [ 1, 3.5, 1.5, 4 ], "texture": "#AWP_Asiimov" },
        "west":  { "uv": [ 1.75, 7, 2.75, 7.5 ], "texture": "#AWP_Asiimov" },
        "east":  { "uv": [ 1.75, 7, 2.75, 7.5 ], "texture": "#AWP_Asiimov" }
    }
},
{
    "from": [ 3.25, 8.4875, 7.25 ],
    "to": [ 3.3125, 8.55, 8.25 ],
    "faces": {
        "down":  { "uv": [ 2, 7.25, 2.5, 8.25 ], "texture": "#AWP_Asiimov" },
        "up":    { "uv": [ 2, 7.25, 2.5, 8.25 ], "texture": "#AWP_Asiimov" },
        "north": { "uv": [ 1, 3.5, 1.5, 4 ], "texture": "#AWP_Asiimov" },
        "south": { "uv": [ 1, 3.5, 1.5, 4 ], "texture": "#AWP_Asiimov" },
        "west":  { "uv": [ 1.75, 7, 2.75, 7.5 ], "texture": "#AWP_Asiimov" },
        "east":  { "uv": [ 1.75, 7, 2.75, 7.5 ], "texture": "#AWP_Asiimov" }
    }
},
{
    "from": [ 3.5, 8.4875, 7.25 ],
    "to": [ 3.5625, 8.55, 8.25 ],
    "faces": {
        "down":  { "uv": [ 2, 7.25, 2.5, 8.25 ], "texture": "#AWP_Asiimov" },
        "up":    { "uv": [ 2, 7.25, 2.5, 8.25 ], "texture": "#AWP_Asiimov" },
        "north": { "uv": [ 1, 3.5, 1.5, 4 ], "texture": "#AWP_Asiimov" },
        "south": { "uv": [ 1, 3.5, 1.5, 4 ], "texture": "#AWP_Asiimov" },
        "west":  { "uv": [ 1.75, 7, 2.75, 7.5 ], "texture": "#AWP_Asiimov" },
        "east":  { "uv": [ 1.75, 7, 2.75, 7.5 ], "texture": "#AWP_Asiimov" }
    }
},
{
    "from": [ 3.75, 8.4875, 7.25 ],
    "to": [ 3.8125, 8.55, 8.25 ],
    "faces": {
        "down":  { "uv": [ 2, 7.25, 2.5, 8.25 ], "texture": "#AWP_Asiimov" },
        "up":    { "uv": [ 2, 7.25, 2.5, 8.25 ], "texture": "#AWP_Asiimov" },
        "north": { "uv": [ 1, 3.5, 1.5, 4 ], "texture": "#AWP_Asiimov" },
        "south": { "uv": [ 1, 3.5, 1.5, 4 ], "texture": "#AWP_Asiimov" },
        "west":  { "uv": [ 1.75, 7, 2.75, 7.5 ], "texture": "#AWP_Asiimov" },
        "east":  { "uv": [ 1.75, 7, 2.75, 7.5 ], "texture": "#AWP_Asiimov" }
    }
},
{
    "from": [ 4, 8.4875, 7.25 ],
    "to": [ 4.0625, 8.55, 8.25 ],
    "faces": {
        "down":  { "uv": [ 2, 7.25, 2.5, 8.25 ], "texture": "#AWP_Asiimov" },
        "up":    { "uv": [ 2, 7.25, 2.5, 8.25 ], "texture": "#AWP_Asiimov" },
        "north": { "uv": [ 1, 3.5, 1.5, 4 ], "texture": "#AWP_Asiimov" },
        "south": { "uv": [ 1, 3.5, 1.5, 4 ], "texture": "#AWP_Asiimov" },
        "west":  { "uv": [ 1.75, 7, 2.75, 7.5 ], "texture": "#AWP_Asiimov" },
        "east":  { "uv": [ 1.75, 7, 2.75, 7.5 ], "texture": "#AWP_Asiimov" }
    }
},
{
    "from": [ 4.25, 8.4875, 7.25 ],
    "to": [ 4.3125, 8.55, 8.25 ],
    "faces": {
        "down":  { "uv": [ 2, 7.25, 2.5, 8.25 ], "texture": "#AWP_Asiimov" },
        "up":    { "uv": [ 2, 7.25, 2.5, 8.25 ], "texture": "#AWP_Asiimov" },
        "north": { "uv": [ 1, 3.5, 1.5, 4 ], "texture": "#AWP_Asiimov" },
        "south": { "uv": [ 1, 3.5, 1.5, 4 ], "texture": "#AWP_Asiimov" },
        "west":  { "uv": [ 1.75, 7, 2.75, 7.5 ], "texture": "#AWP_Asiimov" },
        "east":  { "uv": [ 1.75, 7, 2.75, 7.5 ], "texture": "#AWP_Asiimov" }
    }
},
{
    "from": [ 4.5, 8.4875, 7.25 ],
    "to": [ 4.5625, 8.55, 8.25 ],
    "faces": {
        "down":  { "uv": [ 2, 7.25, 2.5, 8.25 ], "texture": "#AWP_Asiimov" },
        "up":    { "uv": [ 2, 7.25, 2.5, 8.25 ], "texture": "#AWP_Asiimov" },
        "north": { "uv": [ 1, 3.5, 1.5, 4 ], "texture": "#AWP_Asiimov" },
        "south": { "uv": [ 1, 3.5, 1.5, 4 ], "texture": "#AWP_Asiimov" },
        "west":  { "uv": [ 1.75, 7, 2.75, 7.5 ], "texture": "#AWP_Asiimov" },
        "east":  { "uv": [ 1.75, 7, 2.75, 7.5 ], "texture": "#AWP_Asiimov" }
    }
},
{
    "from": [ 4.75, 8.4875, 7.25 ],
    "to": [ 4.8125, 8.55, 8.25 ],
    "faces": {
        "down":  { "uv": [ 2, 7.25, 2.5, 8.25 ], "texture": "#AWP_Asiimov" },
        "up":    { "uv": [ 2, 7.25, 2.5, 8.25 ], "texture": "#AWP_Asiimov" },
        "north": { "uv": [ 1, 3.5, 1.5, 4 ], "texture": "#AWP_Asiimov" },
        "south": { "uv": [ 1, 3.5, 1.5, 4 ], "texture": "#AWP_Asiimov" },
        "west":  { "uv": [ 1.75, 7, 2.75, 7.5 ], "texture": "#AWP_Asiimov" },
        "east":  { "uv": [ 1.75, 7, 2.75, 7.5 ], "texture": "#AWP_Asiimov" }
    }
},
{
    "from": [ 5, 8.4875, 7.25 ],
    "to": [ 5.0625, 8.55, 8.25 ],
    "faces": {
        "down":  { "uv": [ 2, 7.25, 2.5, 8.25 ], "texture": "#AWP_Asiimov" },
        "up":    { "uv": [ 2, 7.25, 2.5, 8.25 ], "texture": "#AWP_Asiimov" },
        "north": { "uv": [ 1, 3.5, 1.5, 4 ], "texture": "#AWP_Asiimov" },
        "south": { "uv": [ 1, 3.5, 1.5, 4 ], "texture": "#AWP_Asiimov" },
        "west":  { "uv": [ 1.75, 7, 2.75, 7.5 ], "texture": "#AWP_Asiimov" },
        "east":  { "uv": [ 1.75, 7, 2.75, 7.5 ], "texture": "#AWP_Asiimov" }
    }
},
{
    "from": [ 5.25, 8.4875, 7.25 ],
    "to": [ 5.3125, 8.55, 8.25 ],
    "faces": {
        "down":  { "uv": [ 2, 7.25, 2.5, 8.25 ], "texture": "#AWP_Asiimov" },
        "up":    { "uv": [ 2, 7.25, 2.5, 8.25 ], "texture": "#AWP_Asiimov" },
        "north": { "uv": [ 1, 3.5, 1.5, 4 ], "texture": "#AWP_Asiimov" },
        "south": { "uv": [ 1, 3.5, 1.5, 4 ], "texture": "#AWP_Asiimov" },
        "west":  { "uv": [ 1.75, 7, 2.75, 7.5 ], "texture": "#AWP_Asiimov" },
        "east":  { "uv": [ 1.75, 7, 2.75, 7.5 ], "texture": "#AWP_Asiimov" }
    }
},
{
    "from": [ 5.5, 8.4875, 7.25 ],
    "to": [ 5.5625, 8.55, 8.25 ],
    "faces": {
        "down":  { "uv": [ 2, 7.25, 2.5, 8.25 ], "texture": "#AWP_Asiimov" },
        "up":    { "uv": [ 2, 7.25, 2.5, 8.25 ], "texture": "#AWP_Asiimov" },
        "north": { "uv": [ 1, 3.5, 1.5, 4 ], "texture": "#AWP_Asiimov" },
        "south": { "uv": [ 1, 3.5, 1.5, 4 ], "texture": "#AWP_Asiimov" },
        "west":  { "uv": [ 1.75, 7, 2.75, 7.5 ], "texture": "#AWP_Asiimov" },
        "east":  { "uv": [ 1.75, 7, 2.75, 7.5 ], "texture": "#AWP_Asiimov" }
    }
},
{
    "from": [ 5.75, 8.4875, 7.25 ],
    "to": [ 5.8125, 8.55, 8.25 ],
    "faces": {
        "down":  { "uv": [ 2, 7.25, 2.5, 8.25 ], "texture": "#AWP_Asiimov" },
        "up":    { "uv": [ 2, 7.25, 2.5, 8.25 ], "texture": "#AWP_Asiimov" },
        "north": { "uv": [ 1, 3.5, 1.5, 4 ], "texture": "#AWP_Asiimov" },
        "south": { "uv": [ 1, 3.5, 1.5, 4 ], "texture": "#AWP_Asiimov" },
        "west":  { "uv": [ 1.75, 7, 2.75, 7.5 ], "texture": "#AWP_Asiimov" },
        "east":  { "uv": [ 1.75, 7, 2.75, 7.5 ], "texture": "#AWP_Asiimov" }
    }
},
{
    "from": [ 6, 8.4875, 7.25 ],
    "to": [ 6.0625, 8.55, 8.25 ],
    "faces": {
        "down":  { "uv": [ 2, 7.25, 2.5, 8.25 ], "texture": "#AWP_Asiimov" },
        "up":    { "uv": [ 2, 7.25, 2.5, 8.25 ], "texture": "#AWP_Asiimov" },
        "north": { "uv": [ 1, 3.5, 1.5, 4 ], "texture": "#AWP_Asiimov" },
        "south": { "uv": [ 1, 3.5, 1.5, 4 ], "texture": "#AWP_Asiimov" },
        "west":  { "uv": [ 1.75, 7, 2.75, 7.5 ], "texture": "#AWP_Asiimov" },
        "east":  { "uv": [ 1.75, 7, 2.75, 7.5 ], "texture": "#AWP_Asiimov" }
    }
},
{
    "from": [ 6.25, 8.4875, 7.25 ],
    "to": [ 6.3125, 8.55, 8.25 ],
    "faces": {
        "down":  { "uv": [ 2, 7.25, 2.5, 8.25 ], "texture": "#AWP_Asiimov" },
        "up":    { "uv": [ 2, 7.25, 2.5, 8.25 ], "texture": "#AWP_Asiimov" },
        "north": { "uv": [ 1, 3.5, 1.5, 4 ], "texture": "#AWP_Asiimov" },
        "south": { "uv": [ 1, 3.5, 1.5, 4 ], "texture": "#AWP_Asiimov" },
        "west":  { "uv": [ 1.75, 7, 2.75, 7.5 ], "texture": "#AWP_Asiimov" },
        "east":  { "uv": [ 1.75, 7, 2.75, 7.5 ], "texture": "#AWP_Asiimov" }
    }
},
{
    "from": [ 6.5, 8.4875, 7.25 ],
    "to": [ 6.5625, 8.55, 8.25 ],
    "faces": {
        "down":  { "uv": [ 2, 7.25, 2.5, 8.25 ], "texture": "#AWP_Asiimov" },
        "up":    { "uv": [ 2, 7.25, 2.5, 8.25 ], "texture": "#AWP_Asiimov" },
        "north": { "uv": [ 1, 3.5, 1.5, 4 ], "texture": "#AWP_Asiimov" },
        "south": { "uv": [ 1, 3.5, 1.5, 4 ], "texture": "#AWP_Asiimov" },
        "west":  { "uv": [ 1.75, 7, 2.75, 7.5 ], "texture": "#AWP_Asiimov" },
        "east":  { "uv": [ 1.75, 7, 2.75, 7.5 ], "texture": "#AWP_Asiimov" }
    }
},
{
    "from": [ 6.75, 8.4875, 7.25 ],
    "to": [ 6.8125, 8.55, 8.25 ],
    "faces": {
        "down":  { "uv": [ 2, 7.25, 2.5, 8.25 ], "texture": "#AWP_Asiimov" },
        "up":    { "uv": [ 2, 7.25, 2.5, 8.25 ], "texture": "#AWP_Asiimov" },
        "north": { "uv": [ 1, 3.5, 1.5, 4 ], "texture": "#AWP_Asiimov" },
        "south": { "uv": [ 1, 3.5, 1.5, 4 ], "texture": "#AWP_Asiimov" },
        "west":  { "uv": [ 1.75, 7, 2.75, 7.5 ], "texture": "#AWP_Asiimov" },
        "east":  { "uv": [ 1.75, 7, 2.75, 7.5 ], "texture": "#AWP_Asiimov" }
    }
},
{
    "from": [ 7, 8.4875, 7.25 ],
    "to": [ 7.0625, 8.55, 8.25 ],
    "faces": {
        "down":  { "uv": [ 2, 7.25, 2.5, 8.25 ], "texture": "#AWP_Asiimov" },
        "up":    { "uv": [ 2, 7.25, 2.5, 8.25 ], "texture": "#AWP_Asiimov" },
        "north": { "uv": [ 1, 3.5, 1.5, 4 ], "texture": "#AWP_Asiimov" },
        "south": { "uv": [ 1, 3.5, 1.5, 4 ], "texture": "#AWP_Asiimov" },
        "west":  { "uv": [ 1.75, 7, 2.75, 7.5 ], "texture": "#AWP_Asiimov" },
        "east":  { "uv": [ 1.75, 7, 2.75, 7.5 ], "texture": "#AWP_Asiimov" }
    }
},
{
    "from": [ 7.25, 8.4875, 7.25 ],
    "to": [ 7.3125, 8.55, 8.25 ],
    "faces": {
        "down":  { "uv": [ 2, 7.25, 2.5, 8.25 ], "texture": "#AWP_Asiimov" },
        "up":    { "uv": [ 2, 7.25, 2.5, 8.25 ], "texture": "#AWP_Asiimov" },
        "north": { "uv": [ 1, 3.5, 1.5, 4 ], "texture": "#AWP_Asiimov" },
        "south": { "uv": [ 1, 3.5, 1.5, 4 ], "texture": "#AWP_Asiimov" },
        "west":  { "uv": [ 1.75, 7, 2.75, 7.5 ], "texture": "#AWP_Asiimov" },
        "east":  { "uv": [ 1.75, 7, 2.75, 7.5 ], "texture": "#AWP_Asiimov" }
    }
},
{
    "from": [ 7.5, 8.4875, 7.25 ],
    "to": [ 7.5625, 8.55, 8.25 ],
    "faces": {
        "down":  { "uv": [ 2, 7.25, 2.5, 8.25 ], "texture": "#AWP_Asiimov" },
        "up":    { "uv": [ 2, 7.25, 2.5, 8.25 ], "texture": "#AWP_Asiimov" },
        "north": { "uv": [ 1, 3.5, 1.5, 4 ], "texture": "#AWP_Asiimov" },
        "south": { "uv": [ 1, 3.5, 1.5, 4 ], "texture": "#AWP_Asiimov" },
        "west":  { "uv": [ 1.75, 7, 2.75, 7.5 ], "texture": "#AWP_Asiimov" },
        "east":  { "uv": [ 1.75, 7, 2.75, 7.5 ], "texture": "#AWP_Asiimov" }
    }
},
{
    "from": [ 7.75, 8.4875, 7.25 ],
    "to": [ 7.8125, 8.55, 8.25 ],
    "faces": {
        "down":  { "uv": [ 2, 7.25, 2.5, 8.25 ], "texture": "#AWP_Asiimov" },
        "up":    { "uv": [ 2, 7.25, 2.5, 8.25 ], "texture": "#AWP_Asiimov" },
        "north": { "uv": [ 1, 3.5, 1.5, 4 ], "texture": "#AWP_Asiimov" },
        "south": { "uv": [ 1, 3.5, 1.5, 4 ], "texture": "#AWP_Asiimov" },
        "west":  { "uv": [ 1.75, 7, 2.75, 7.5 ], "texture": "#AWP_Asiimov" },
        "east":  { "uv": [ 1.75, 7, 2.75, 7.5 ], "texture": "#AWP_Asiimov" }
    }
},
{
    "from": [ 8, 8.4875, 7.25 ],
    "to": [ 8.0625, 8.55, 8.25 ],
    "faces": {
        "down":  { "uv": [ 2, 7.25, 2.5, 8.25 ], "texture": "#AWP_Asiimov" },
        "up":    { "uv": [ 2, 7.25, 2.5, 8.25 ], "texture": "#AWP_Asiimov" },
        "north": { "uv": [ 1, 3.5, 1.5, 4 ], "texture": "#AWP_Asiimov" },
        "south": { "uv": [ 1, 3.5, 1.5, 4 ], "texture": "#AWP_Asiimov" },
        "west":  { "uv": [ 1.75, 7, 2.75, 7.5 ], "texture": "#AWP_Asiimov" },
        "east":  { "uv": [ 1.75, 7, 2.75, 7.5 ], "texture": "#AWP_Asiimov" }
    }
},
{
    "from": [ 8.25, 8.4875, 7.25 ],
    "to": [ 8.3125, 8.55, 8.25 ],
    "faces": {
        "down":  { "uv": [ 2, 7.25, 2.5, 8.25 ], "texture": "#AWP_Asiimov" },
        "up":    { "uv": [ 2, 7.25, 2.5, 8.25 ], "texture": "#AWP_Asiimov" },
        "north": { "uv": [ 1, 3.5, 1.5, 4 ], "texture": "#AWP_Asiimov" },
        "south": { "uv": [ 1, 3.5, 1.5, 4 ], "texture": "#AWP_Asiimov" },
        "west":  { "uv": [ 1.75, 7, 2.75, 7.5 ], "texture": "#AWP_Asiimov" },
        "east":  { "uv": [ 1.75, 7, 2.75, 7.5 ], "texture": "#AWP_Asiimov" }
    }
},
{
    "from": [ 8.5, 8.4875, 7.25 ],
    "to": [ 8.5625, 8.55, 8.25 ],
    "faces": {
        "down":  { "uv": [ 2, 7.25, 2.5, 8.25 ], "texture": "#AWP_Asiimov" },
        "up":    { "uv": [ 2, 7.25, 2.5, 8.25 ], "texture": "#AWP_Asiimov" },
        "north": { "uv": [ 1, 3.5, 1.5, 4 ], "texture": "#AWP_Asiimov" },
        "south": { "uv": [ 1, 3.5, 1.5, 4 ], "texture": "#AWP_Asiimov" },
        "west":  { "uv": [ 1.75, 7, 2.75, 7.5 ], "texture": "#AWP_Asiimov" },
        "east":  { "uv": [ 1.75, 7, 2.75, 7.5 ], "texture": "#AWP_Asiimov" }
    }
},
{
    "from": [ 1.4375, 10.1875, 7.25 ],
    "to": [ 1.5, 10.25, 8.25 ],
    "faces": {
        "down":  { "uv": [ 12, 11.5, 12.5, 12 ], "texture": "#AWP_Asiimov" },
        "up":    { "uv": [ 12, 11.5, 12.5, 12 ], "texture": "#AWP_Asiimov" },
        "north": { "uv": [ 12.625, 11, 13.125, 12.5 ], "texture": "#AWP_Asiimov" },
        "south": { "uv": [ 12.625, 11, 13.125, 12.5 ], "texture": "#AWP_Asiimov" },
        "west":  { "uv": [ 12.375, 11.5, 12.875, 13 ], "texture": "#AWP_Asiimov" },
        "east":  { "uv": [ 13, 10.875, 13.5, 12.375 ], "texture": "#AWP_Asiimov" }
    }
},
{
    "from": [ 1.4375, 9.2475, 7.25 ],
    "to": [ 1.5, 9.31, 8.25 ],
    "faces": {
        "down":  { "uv": [ 12, 11.5, 12.5, 12 ], "texture": "#AWP_Asiimov" },
        "up":    { "uv": [ 12, 11.5, 12.5, 12 ], "texture": "#AWP_Asiimov" },
        "north": { "uv": [ 12.625, 11, 13.125, 12.5 ], "texture": "#AWP_Asiimov" },
        "south": { "uv": [ 12.625, 11, 13.125, 12.5 ], "texture": "#AWP_Asiimov" },
        "west":  { "uv": [ 12.375, 11.5, 12.875, 13 ], "texture": "#AWP_Asiimov" },
        "east":  { "uv": [ 13, 10.875, 13.5, 12.375 ], "texture": "#AWP_Asiimov" }
    }
},
{
    "from": [ 1.4375, 9.25, 7.25 ],
    "to": [ 1.5, 10.25, 7.3125 ],
    "faces": {
        "down":  { "uv": [ 12, 11.5, 12.5, 12 ], "texture": "#AWP_Asiimov" },
        "up":    { "uv": [ 12, 11.5, 12.5, 12 ], "texture": "#AWP_Asiimov" },
        "north": { "uv": [ 12.625, 11, 13.125, 12.5 ], "texture": "#AWP_Asiimov" },
        "south": { "uv": [ 12.625, 11, 13.125, 12.5 ], "texture": "#AWP_Asiimov" },
        "west":  { "uv": [ 12.375, 11.5, 12.875, 13 ], "texture": "#AWP_Asiimov" },
        "east":  { "uv": [ 13, 10.875, 13.5, 12.375 ], "texture": "#AWP_Asiimov" }
    }
},
{
    "from": [ 1.4375, 9.25, 8.19 ],
    "to": [ 1.5, 10.25, 8.2525 ],
    "faces": {
        "down":  { "uv": [ 12, 11.5, 12.5, 12 ], "texture": "#AWP_Asiimov" },
        "up":    { "uv": [ 12, 11.5, 12.5, 12 ], "texture": "#AWP_Asiimov" },
        "north": { "uv": [ 12.625, 11, 13.125, 12.5 ], "texture": "#AWP_Asiimov" },
        "south": { "uv": [ 12.625, 11, 13.125, 12.5 ], "texture": "#AWP_Asiimov" },
        "west":  { "uv": [ 12.375, 11.5, 12.875, 13 ], "texture": "#AWP_Asiimov" },
        "east":  { "uv": [ 13, 10.875, 13.5, 12.375 ], "texture": "#AWP_Asiimov" }
    }
},
{
    "from": [ 10.125, 9, 7 ],
    "to": [ 10.1875, 10.5, 7.0625 ],
    "faces": {
        "down":  { "uv": [ 12, 11.5, 12.5, 12 ], "texture": "#AWP_Asiimov" },
        "up":    { "uv": [ 12, 11.5, 12.5, 12 ], "texture": "#AWP_Asiimov" },
        "north": { "uv": [ 12.625, 11, 13.125, 12.5 ], "texture": "#AWP_Asiimov" },
        "south": { "uv": [ 12.625, 11, 13.125, 12.5 ], "texture": "#AWP_Asiimov" },
        "west":  { "uv": [ 12.375, 11.5, 12.875, 13 ], "texture": "#AWP_Asiimov" },
        "east":  { "uv": [ 13, 10.875, 13.5, 12.375 ], "texture": "#AWP_Asiimov" }
    }
},
{
    "from": [ 10.125, 9.0025, 7 ],
    "to": [ 10.1875, 9.065, 8.5 ],
    "faces": {
        "down":  { "uv": [ 12, 11.5, 12.5, 12 ], "texture": "#AWP_Asiimov" },
        "up":    { "uv": [ 12, 11.5, 12.5, 12 ], "texture": "#AWP_Asiimov" },
        "north": { "uv": [ 12.625, 11, 13.125, 12.5 ], "texture": "#AWP_Asiimov" },
        "south": { "uv": [ 12.625, 11, 13.125, 12.5 ], "texture": "#AWP_Asiimov" },
        "west":  { "uv": [ 12.375, 11.5, 12.875, 13 ], "texture": "#AWP_Asiimov" },
        "east":  { "uv": [ 13, 10.875, 13.5, 12.375 ], "texture": "#AWP_Asiimov" }
    }
},
{
    "from": [ 10.125, 9, 8.435 ],
    "to": [ 10.1875, 10.5, 8.4975 ],
    "faces": {
        "down":  { "uv": [ 12, 11.5, 12.5, 12 ], "texture": "#AWP_Asiimov" },
        "up":    { "uv": [ 12, 11.5, 12.5, 12 ], "texture": "#AWP_Asiimov" },
        "north": { "uv": [ 12.625, 11, 13.125, 12.5 ], "texture": "#AWP_Asiimov" },
        "south": { "uv": [ 12.625, 11, 13.125, 12.5 ], "texture": "#AWP_Asiimov" },
        "west":  { "uv": [ 12.375, 11.5, 12.875, 13 ], "texture": "#AWP_Asiimov" },
        "east":  { "uv": [ 13, 10.875, 13.5, 12.375 ], "texture": "#AWP_Asiimov" }
    }
},
{
    "from": [ 10.125, 10.4375, 7 ],
    "to": [ 10.1875, 10.5, 8.5 ],
    "faces": {
        "down":  { "uv": [ 12, 11.5, 12.5, 12 ], "texture": "#AWP_Asiimov" },
        "up":    { "uv": [ 12, 11.5, 12.5, 12 ], "texture": "#AWP_Asiimov" },
        "north": { "uv": [ 12.625, 11, 13.125, 12.5 ], "texture": "#AWP_Asiimov" },
        "south": { "uv": [ 12.625, 11, 13.125, 12.5 ], "texture": "#AWP_Asiimov" },
        "west":  { "uv": [ 12.375, 11.5, 12.875, 13 ], "texture": "#AWP_Asiimov" },
        "east":  { "uv": [ 13, 10.875, 13.5, 12.375 ], "texture": "#AWP_Asiimov" }
    }
},
{
    "from": [ 9.5, 7.75, 7.5 ],
    "to": [ 18.5, 8.25, 8 ],
    "faces": {
        "down":  { "uv": [ 3.375, 5.25, 3.5, 12.375 ], "rotation": 90, "texture": "#AWP_Asiimov" },
        "up":    { "uv": [ 3.375, 4.5, 3.5, 11.625 ], "rotation": 90, "texture": "#AWP_Asiimov" },
        "north": { "uv": [ 9.25, 9.125, 3.875, 9.625 ], "texture": "#AWP_Asiimov" },
        "south": { "uv": [ 3.875, 9.125, 9.25, 9.625 ], "texture": "#AWP_Asiimov" },
        "west":  { "uv": [ 3.5, 7.375, 4.125, 7.875 ], "texture": "#AWP_Asiimov" },
        "east":  { "uv": [ 3.5, 7.375, 4.125, 7.875 ], "texture": "#AWP_Asiimov" }
    }
},
{
    "from": [ 4, 7.51, 7.24 ],
    "to": [ 4.5, 8.51, 8.26 ],
    "faces": {
        "down":  { "uv": [ 2.375, 7.875, 2.875, 8.875 ], "texture": "#AWP_Asiimov" },
        "up":    { "uv": [ 2.375, 7.875, 2.875, 8.875 ], "texture": "#AWP_Asiimov" },
        "north": { "uv": [ 2, 8.125, 2.5, 9.125 ], "texture": "#AWP_Asiimov" },
        "south": { "uv": [ 2, 8.125, 2.5, 9.125 ], "texture": "#AWP_Asiimov" },
        "west":  { "uv": [ 1.75, 7.375, 2.75, 8.375 ], "texture": "#AWP_Asiimov" },
        "east":  { "uv": [ 1.75, 7.375, 2.75, 8.375 ], "texture": "#AWP_Asiimov" }
    }
},
{
    "from": [ -1.875, 5, 6.99 ],
    "to": [ -1.375, 5.625, 8.51 ],
    "faces": {
        "down":  { "uv": [ 3.5, 7.25, 4, 8.75 ], "texture": "#AWP_Asiimov" },
        "up":    { "uv": [ 3.5, 7.25, 4, 8.75 ], "texture": "#AWP_Asiimov" },
        "north": { "uv": [ 8.125, 11.875, 8.625, 12.5 ], "texture": "#AWP_Asiimov" },
        "south": { "uv": [ 8.125, 11.875, 8.625, 12.5 ], "texture": "#AWP_Asiimov" },
        "west":  { "uv": [ 5.75, 11.875, 7.25, 12.5 ], "texture": "#AWP_Asiimov" },
        "east":  { "uv": [ 5.75, 11.875, 7.25, 12.5 ], "texture": "#AWP_Asiimov" }
    }
}
],
"display": {
    "thirdperson_righthand": {
        "rotation": [ 0, 90, -10 ],
        "translation": [ 0, 0, 0 ],
        "scale": [ 0.5, 0.5, 0.5 ]
    },
    "firstperson_righthand": {
        "rotation": [ 0, 90, 0 ],
        "translation": [ -0.94, 1.32, 0 ],
        "scale": [ 1, 1, 1 ]
    }
}
}