{
"__comment": "Designed by FirecatHD",
"textures": {
    "texture": "items/P90_Asiimov"
},
"elements": [ 
{
    "from": [ -2.8, 7.96, 8.24 ],
    "to": [ -2.08, 8.68, 8.96 ],
    "faces": {
        "down":  { "uv": [ 15.625, 15.625, 16, 16 ], "texture": "#texture" },
        "up":    { "uv": [ 15.625, 15.625, 16, 16 ], "texture": "#texture" },
        "north": { "uv": [ 15.625, 15.625, 16, 16 ], "texture": "#texture" },
        "south": { "uv": [ 15.625, 15.625, 16, 16 ], "texture": "#texture" }
    }
},
{
    "from": [ 15.92, 8.92, 8.72 ],
    "to": [ 21.44, 10.36, 9.44 ],
    "rotation": { "origin": [ 15.92, 10.36, 8.72 ], "axis": "x", "angle": -22.5 },
    "faces": {
        "down":  { "uv": [ 4, 9.375, 1, 9 ], "texture": "#texture" },
        "up":    { "uv": [ 0.375, 10.625, 6.375, 10.75 ], "texture": "#texture" },
        "north": { "uv": [ 0.25, 10.625, 6.375, 10.75 ], "texture": "#texture" },
        "south": { "uv": [ 0.25, 10.625, 6.375, 10.75 ], "texture": "#texture" },
        "west":  { "uv": [ 2.25, 3.375, 2.625, 4.125 ], "texture": "#texture" },
        "east":  { "uv": [ 2.375, 3.75, 2.75, 4.5 ], "texture": "#texture" }
    }
},
{
    "from": [ 12.92, 4.8664, 7.8512 ],
    "to": [ 15.7712, 7.48, 9.5144 ],
    "faces": {
        "down":  { "uv": [ 8, 8.625, 6.5625, 7.8125 ], "texture": "#texture" },
        "up":    { "uv": [ 10.5625, 7.875, 12, 8.6875 ], "texture": "#texture" },
        "north": { "uv": [ 11.25, 3, 9.25, 5.125 ], "texture": "#texture" },
        "south": { "uv": [ 9.125, 2.875, 11.25, 5 ], "texture": "#texture" },
        "west":  { "uv": [ 2.625, 3.25, 3.4375, 4.5625 ], "texture": "#texture" },
        "east":  { "uv": [ 7.25, 9.5, 8.0625, 10.8125 ], "texture": "#texture" }
    }
},
{
    "from": [ 5.6, 5.56, 8 ],
    "to": [ 7.28, 6.76, 9.2 ],
    "faces": {
        "down":  { "uv": [ 6.75, 8.75, 5.5, 7.875 ], "texture": "#texture" },
        "up":    { "uv": [ 9.25, 7.875, 10.5, 8.75 ], "texture": "#texture" },
        "north": { "uv": [ 14.75, 8.875, 16, 9.5 ], "texture": "#texture" },
        "south": { "uv": [ 14.75, 8.875, 16, 9.5 ], "texture": "#texture" },
        "west":  { "uv": [ 7.875, 10.625, 8.75, 11.25 ], "texture": "#texture" },
        "east":  { "uv": [ 7.25, 10.625, 8.125, 11.25 ], "texture": "#texture" }
    }
},
{
    "from": [ 9.2, 3.976, 7.76 ],
    "to": [ 11.12, 5.32, 9.44 ],
    "faces": {
        "down":  { "uv": [ 3.625, 3, 4.875, 3.875 ], "texture": "#texture" },
        "up":    { "uv": [ 3.625, 3, 4.875, 3.875 ], "texture": "#texture" },
        "north": { "uv": [ 3.625, 3.125, 4.875, 3.75 ], "texture": "#texture" },
        "south": { "uv": [ 3.625, 3.125, 4.875, 3.75 ], "texture": "#texture" },
        "west":  { "uv": [ 3.375, 3.25, 4.25, 3.875 ], "texture": "#texture" },
        "east":  { "uv": [ 3.375, 3.25, 4.25, 3.875 ], "texture": "#texture" }
    }
},
{
    "from": [ 10.64, 3.88, 7.76 ],
    "to": [ 13.04, 5.08, 9.44 ],
    "rotation": { "origin": [ 10.64, 5.08, 7.76 ], "axis": "z", "angle": 22.5 },
    "faces": {
        "down":  { "uv": [ 9.25, 7.875, 10.5, 8.75 ], "texture": "#texture" },
        "up":    { "uv": [ 3.5, 4.125, 2.25, 3.25 ], "texture": "#texture" },
        "north": { "uv": [ 6.875, 3, 3.25, 5.25 ], "texture": "#texture" },
        "south": { "uv": [ 3.125, 3, 6.75, 5 ], "texture": "#texture" },
        "west":  { "uv": [ 7.875, 10.625, 8.75, 11.25 ], "texture": "#texture" },
        "east":  { "uv": [ 7.25, 10.625, 8.125, 11.25 ], "texture": "#texture" }
    }
},
{
    "from": [ 7.04, 5.08, 7.76 ],
    "to": [ 8.96, 8.2, 9.44 ],
    "faces": {
        "down":  { "uv": [ 6.75, 8.75, 5.5, 7.875 ], "texture": "#texture" },
        "up":    { "uv": [ 9.25, 7.875, 10.5, 8.75 ], "texture": "#texture" },
        "north": { "uv": [ 2.625, 7.5, 0, 9.75 ], "texture": "#texture" },
        "south": { "uv": [ 0, 7.5, 2.625, 9.75 ], "texture": "#texture" },
        "west":  { "uv": [ 7.875, 10.625, 8.75, 11.25 ], "texture": "#texture" },
        "east":  { "uv": [ 2.125, 8.125, 2.25, 9.75 ], "texture": "#texture" }
    }
},
{
    "from": [ 7.52, 4.84, 7.76 ],
    "to": [ 9.92, 6.04, 9.5072 ],
    "rotation": { "origin": [ 7.52, 6.04, 7.76 ], "axis": "z", "angle": -22.5 },
    "faces": {
        "down":  { "uv": [ 0, 3, 2.375, 4 ], "texture": "#texture" },
        "up":    { "uv": [ 1.75, 3.875, 3, 4.75 ], "texture": "#texture" },
        "north": { "uv": [ 2.375, 3, 0, 5 ], "texture": "#texture" },
        "south": { "uv": [ 0, 3, 2.375, 5 ], "texture": "#texture" },
        "west":  { "uv": [ 7.25, 10.625, 8.125, 11.25 ], "texture": "#texture" },
        "east":  { "uv": [ 2.375, 3.375, 3.25, 4 ], "texture": "#texture" }
    }
},
{
    "from": [ -1.84, 9.16, 7.52 ],
    "to": [ 15.92, 10.36, 9.68 ],
    "faces": {
        "down":  { "uv": [ 5.625, 0.125, 6.375, 0.75 ], "texture": "#texture" },
        "up":    { "uv": [ 5.625, 0.125, 6.375, 0.75 ], "texture": "#texture" },
        "north": { "uv": [ 16, 0.125, 7.5, 0.875 ], "texture": "#texture" },
        "south": { "uv": [ 7.375, 0.125, 16, 0.875 ], "texture": "#texture" },
        "west":  { "uv": [ 5.75, 0.125, 6.25, 0.75 ], "texture": "#texture" },
        "east":  { "uv": [ 5.75, 0.125, 6.25, 0.75 ], "texture": "#texture" }
    }
},
{
    "from": [ 2, 4.84, 7.76 ],
    "to": [ 4.4, 5.32, 9.44 ],
    "faces": {
        "down":  { "uv": [ 6.75, 8.75, 5.5, 7.875 ], "texture": "#texture" },
        "up":    { "uv": [ 9.25, 7.875, 10.5, 8.75 ], "texture": "#texture" },
        "north": { "uv": [ 14.75, 15.375, 16, 16 ], "texture": "#texture" },
        "south": { "uv": [ 14.75, 15.375, 16, 16 ], "texture": "#texture" },
        "east":  { "uv": [ 15.125, 15.375, 16, 16 ], "texture": "#texture" }
    }
},
{
    "from": [ 2.72, 7, 7.88 ],
    "to": [ 5.12, 7.96, 9.32 ],
    "faces": {
        "down":  { "uv": [ 6.75, 8.75, 5.5, 7.875 ], "texture": "#texture" },
        "up":    { "uv": [ 9.25, 7.875, 10.5, 8.75 ], "texture": "#texture" },
        "north": { "uv": [ 12.25, 7.25, 13.5, 7.875 ], "texture": "#texture" },
        "south": { "uv": [ 12.25, 7.25, 13.5, 7.875 ], "texture": "#texture" },
        "west":  { "uv": [ 7.875, 10.625, 8.75, 11.25 ], "texture": "#texture" },
        "east":  { "uv": [ 7.25, 10.625, 8.125, 11.25 ], "texture": "#texture" }
    }
},
{
    "from": [ 1.52, 4.12, 7.52 ],
    "to": [ 3.68, 4.84, 9.68 ],
    "faces": {
        "down":  { "uv": [ 6.75, 8.75, 5.5, 7.875 ], "texture": "#texture" },
        "up":    { "uv": [ 9.25, 7.875, 10.5, 8.75 ], "texture": "#texture" },
        "north": { "uv": [ 12.75, 10.375, 7.625, 12.375 ], "texture": "#texture" },
        "south": { "uv": [ 7.25, 10.375, 12.75, 12.375 ], "texture": "#texture" },
        "west":  { "uv": [ 7.875, 10.625, 8.75, 11.25 ], "texture": "#texture" },
        "east":  { "uv": [ 7.25, 10.625, 8.125, 11.25 ], "texture": "#texture" }
    }
},
{
    "from": [ -0.64, 6.28, 7.76 ],
    "to": [ 0.8, 6.76, 9.44 ],
    "faces": {
        "down":  { "uv": [ 6.75, 8.75, 5.5, 7.875 ], "texture": "#texture" },
        "north": { "uv": [ 14.25, 8.125, 15.5, 8.75 ], "texture": "#texture" },
        "south": { "uv": [ 14.25, 8.125, 15.5, 8.75 ], "texture": "#texture" },
        "west":  { "uv": [ 7.875, 10.625, 8.75, 11.25 ], "texture": "#texture" },
        "east":  { "uv": [ 7.25, 10.625, 8.125, 11.25 ], "texture": "#texture" }
    }
},
{
    "from": [ 3.92, 4.84, 7.76 ],
    "to": [ 7.28, 5.8, 9.44 ],
    "faces": {
        "down":  { "uv": [ 6.75, 8.75, 5.5, 7.875 ], "texture": "#texture" },
        "up":    { "uv": [ 9.25, 7.875, 10.5, 8.75 ], "texture": "#texture" },
        "north": { "uv": [ 8.125, 6.75, 4.875, 7.75 ], "texture": "#texture" },
        "south": { "uv": [ 4.875, 6.75, 8.5, 7.75 ], "texture": "#texture" },
        "west":  { "uv": [ 7.875, 10.625, 8.75, 11.25 ], "texture": "#texture" },
        "east":  { "uv": [ 7.25, 10.625, 8.125, 11.25 ], "texture": "#texture" }
    }
},
{
    "from": [ 1.04, 4.12, 7.52 ],
    "to": [ 2, 7.24, 9.68 ],
    "faces": {
        "down":  { "uv": [ 14.75, 15.125, 16, 16 ], "texture": "#texture" },
        "up":    { "uv": [ 14.75, 15.125, 16, 16 ], "texture": "#texture" },
        "north": { "uv": [ 14.75, 15.375, 16, 16 ], "texture": "#texture" },
        "south": { "uv": [ 14.75, 15.375, 16, 16 ], "texture": "#texture" },
        "west":  { "uv": [ 15.125, 15.375, 16, 16 ], "texture": "#texture" },
        "east":  { "uv": [ 15.125, 15.375, 16, 16 ], "texture": "#texture" }
    }
},
{
    "from": [ 4.4, 5.32, 8.36 ],
    "to": [ 6.08, 7.72, 8.84 ],
    "faces": {
        "down":  { "uv": [ 6.75, 8.75, 5.5, 7.875 ], "texture": "#texture" },
        "up":    { "uv": [ 9.25, 7.875, 10.5, 8.75 ], "texture": "#texture" },
        "north": { "uv": [ 5.125, 7.75, 4.25, 8.875 ], "texture": "#texture" },
        "south": { "uv": [ 4.125, 7.75, 5.25, 8.875 ], "texture": "#texture" },
        "west":  { "uv": [ 4.5, 11.5, 5.375, 12.125 ], "texture": "#texture" },
        "east":  { "uv": [ 7.25, 10.625, 8.125, 11.25 ], "texture": "#texture" }
    }
},
{
    "from": [ 6.32, 7, 8 ],
    "to": [ 9.92, 9.4, 9.2 ],
    "rotation": { "origin": [ 6.32, 9.4, 8 ], "axis": "z", "angle": -45 },
    "faces": {
        "down":  { "uv": [ 6.75, 8.75, 5.5, 7.875 ], "texture": "#texture" },
        "up":    { "uv": [ 9.25, 7.875, 10.5, 8.75 ], "texture": "#texture" },
        "north": { "uv": [ 5.5, 9.5, 6.75, 10.125 ], "texture": "#texture" },
        "south": { "uv": [ 5.5, 9.5, 6.75, 10.125 ], "texture": "#texture" },
        "west":  { "uv": [ 7.875, 10.625, 8.75, 11.25 ], "texture": "#texture" },
        "east":  { "uv": [ 7.25, 10.625, 8.125, 11.25 ], "texture": "#texture" }
    }
},
{
    "from": [ 3.2, 3.88, 7.52 ],
    "to": [ 4.4, 4.36, 9.68 ],
    "rotation": { "origin": [ 3.2, 4.36, 7.52 ], "axis": "z", "angle": 45 },
    "faces": {
        "down":  { "uv": [ 6.75, 8.75, 5.5, 7.875 ], "texture": "#texture" },
        "up":    { "uv": [ 9.25, 7.875, 10.5, 8.75 ], "texture": "#texture" },
        "north": { "uv": [ 14.75, 15.375, 16, 16 ], "texture": "#texture" },
        "south": { "uv": [ 14.75, 15.375, 16, 16 ], "texture": "#texture" },
        "west":  { "uv": [ 15.125, 15.375, 16, 16 ], "texture": "#texture" },
        "east":  { "uv": [ 15.125, 15.375, 16, 16 ], "texture": "#texture" }
    }
},
{
    "from": [ 0.08, 5.32, 7.76 ],
    "to": [ 0.8, 6.76, 9.44 ],
    "rotation": { "origin": [ 0.08, 6.76, 7.76 ], "axis": "z", "angle": 45 },
    "faces": {
        "down":  { "uv": [ 6.75, 8.75, 5.5, 7.875 ], "texture": "#texture" },
        "north": { "uv": [ 8, 9.625, 9.25, 10.25 ], "texture": "#texture" },
        "south": { "uv": [ 8, 9.625, 9.25, 10.25 ], "texture": "#texture" },
        "west":  { "uv": [ 7.875, 10.625, 8.75, 11.25 ], "texture": "#texture" },
        "east":  { "uv": [ 7.25, 10.625, 8.125, 11.25 ], "texture": "#texture" }
    }
},
{
    "from": [ 2.48, 6.28, 7.76 ],
    "to": [ 3.2, 7.72, 9.44 ],
    "rotation": { "origin": [ 2.48, 7.72, 7.76 ], "axis": "z", "angle": -45 },
    "faces": {
        "down":  { "uv": [ 6.75, 8.75, 5.5, 7.875 ], "texture": "#texture" },
        "up":    { "uv": [ 9.25, 7.875, 10.5, 8.75 ], "texture": "#texture" },
        "north": { "uv": [ 6.875, 9.75, 8.125, 10.375 ], "texture": "#texture" },
        "south": { "uv": [ 6.875, 9.75, 8.125, 10.375 ], "texture": "#texture" },
        "west":  { "uv": [ 7.875, 10.625, 8.75, 11.25 ], "texture": "#texture" },
        "east":  { "uv": [ 7.25, 10.625, 8.125, 11.25 ], "texture": "#texture" }
    }
},
{
    "from": [ -2.32, 6.76, 7.76 ],
    "to": [ 2.48, 7.48, 9.44 ],
    "faces": {
        "down":  { "uv": [ 6.75, 8.75, 5.5, 7.875 ], "texture": "#texture" },
        "up":    { "uv": [ 9.25, 7.875, 10.5, 8.75 ], "texture": "#texture" },
        "north": { "uv": [ 7.125, 9.375, 8.375, 10 ], "texture": "#texture" },
        "south": { "uv": [ 7.125, 9.375, 8.375, 10 ], "texture": "#texture" },
        "west":  { "uv": [ 7.875, 10.625, 8.75, 11.25 ], "texture": "#texture" }
    }
},
{
    "from": [ -1.12, 5.08, 7.76 ],
    "to": [ -0.4, 6.76, 9.44 ],
    "faces": {
        "down":  { "uv": [ 6.75, 8.75, 5.5, 7.875 ], "texture": "#texture" },
        "north": { "uv": [ 7.75, 10.25, 9, 10.875 ], "texture": "#texture" },
        "south": { "uv": [ 7.75, 10.25, 9, 10.875 ], "texture": "#texture" },
        "west":  { "uv": [ 7.875, 10.625, 8.75, 11.25 ], "texture": "#texture" },
        "east":  { "uv": [ 7.25, 10.625, 8.125, 11.25 ], "texture": "#texture" }
    }
},
{
    "from": [ -1.36, 5.32, 7.52 ],
    "to": [ -1.12, 6.76, 9.68 ],
    "faces": {
        "down":  { "uv": [ 1.875, 3.125, 3.125, 4 ], "texture": "#texture" },
        "up":    { "uv": [ 1.875, 3.125, 3.125, 4 ], "texture": "#texture" },
        "north": { "uv": [ 2.25, 3.5, 3.5, 4.125 ], "texture": "#texture" },
        "south": { "uv": [ 2.25, 3.5, 3.5, 4.125 ], "texture": "#texture" },
        "west":  { "uv": [ 2.25, 3.25, 3.125, 3.875 ], "texture": "#texture" },
        "east":  { "uv": [ 2.25, 3.25, 3.125, 3.875 ], "texture": "#texture" }
    }
},
{
    "from": [ -2.08, 8.68, 7.04 ],
    "to": [ -0.16, 11.08, 10.16 ],
    "faces": {
        "down":  { "uv": [ 2, 6.875, 1, 5.25 ], "texture": "#texture" },
        "up":    { "uv": [ 0.5, 5.375, 1.5, 7 ], "texture": "#texture" },
        "north": { "uv": [ 0.625, 0, 1.875, 1.25 ], "texture": "#texture" },
        "south": { "uv": [ 0.625, 0, 1.875, 1.25 ], "texture": "#texture" },
        "west":  { "uv": [ 1.625, 5.625, 3.25, 6.875 ], "texture": "#texture" },
        "east":  { "uv": [ 0.5, 5.625, 2.125, 6.875 ], "texture": "#texture" }
    }
},
{
    "from": [ -5.2, 7.72, 8 ],
    "to": [ -2.8, 8.92, 9.2 ],
    "faces": {
        "down":  { "uv": [ 1.25, 16, 0, 15.375 ], "texture": "#texture" },
        "up":    { "uv": [ 0, 15.375, 1.25, 16 ], "texture": "#texture" },
        "north": { "uv": [ 2.25, 15.375, 0, 16 ], "texture": "#texture" },
        "south": { "uv": [ 0, 15.375, 2.25, 16 ], "texture": "#texture" },
        "west":  { "uv": [ 0, 15.375, 0.625, 16 ], "texture": "#texture" },
        "east":  { "uv": [ 7.375, 8.75, 8, 9.375 ], "texture": "#texture" }
    }
},
{
    "from": [ -2.08, 10.12, 7.736 ],
    "to": [ -0.64, 11.08, 9.656 ],
    "rotation": { "origin": [ -2.08, 11.08, 7.736 ], "axis": "z", "angle": 45 },
    "faces": {
        "down":  { "uv": [ 6.25, 1.375, 5.625, 0 ], "texture": "#texture" },
        "up":    { "uv": [ 5.75, 0, 6.375, 1.375 ], "texture": "#texture" },
        "north": { "uv": [ 5.75, 0.5, 6.375, 1 ], "texture": "#texture" },
        "south": { "uv": [ 5.75, 0.5, 6.375, 1 ], "texture": "#texture" },
        "west":  { "uv": [ 5.75, 0.375, 6.5, 0.875 ], "texture": "#texture" },
        "east":  { "uv": [ 5.75, 0.375, 6.5, 0.875 ], "texture": "#texture" }
    }
},
{
    "from": [ -2.08, 7.48, 7.28 ],
    "to": [ 15.68, 9.16, 9.92 ],
    "faces": {
        "down":  { "uv": [ 13.25, 9, 4, 7.625 ], "texture": "#texture" },
        "up":    { "uv": [ 2.75, 7.625, 12, 9 ], "texture": "#texture" },
        "north": { "uv": [ 11.375, 1.25, 0.125, 2.625 ], "texture": "#texture" },
        "south": { "uv": [ 0, 1.125, 11.375, 2.625 ], "texture": "#texture" },
        "west":  { "uv": [ 7.625, 8.625, 9, 9.5 ], "texture": "#texture" }
    }
},
{
    "from": [ 6.32, 8.68, 7.04 ],
    "to": [ 8.24, 11.08, 10.16 ],
    "faces": {
        "down":  { "uv": [ 5.25, 0, 6.25, 1 ], "texture": "#texture" },
        "up":    { "uv": [ 6.25, 0, 5.375, 1 ], "texture": "#texture" },
        "north": { "uv": [ 6.5, 0, 5.5, 1.375 ], "texture": "#texture" },
        "south": { "uv": [ 6.5, 0, 5.5, 1.375 ], "texture": "#texture" },
        "west":  { "uv": [ 14, 1, 15.5, 2.625 ], "texture": "#texture" },
        "east":  { "uv": [ 14, 1, 15.5, 2.625 ], "texture": "#texture" }
    }
},
{
    "from": [ 0.08, 11.8, 7.88 ],
    "to": [ 0.56, 12.28, 9.56 ],
    "faces": {
        "down":  { "uv": [ 5.875, 0, 6.25, 0.875 ], "texture": "#texture" },
        "up":    { "uv": [ 5.875, 0, 6.25, 0.875 ], "texture": "#texture" },
        "north": { "uv": [ 5.75, 0.125, 6.5, 1.375 ], "texture": "#texture" },
        "south": { "uv": [ 5.75, 0.125, 6.5, 1.375 ], "texture": "#texture" },
        "west":  { "uv": [ 5.75, 0.125, 6.375, 1.125 ], "texture": "#texture" },
        "east":  { "uv": [ 5.75, 0.125, 6.375, 1.125 ], "texture": "#texture" }
    }
},
{
    "from": [ 7.28, 11.08, 7.76 ],
    "to": [ 8.72, 12.04, 9.6416 ],
    "rotation": { "origin": [ 7.28, 12.04, 7.76 ], "axis": "z", "angle": -45 },
    "faces": {
        "down":  { "uv": [ 6.25, 1.125, 5.625, 0.5 ], "texture": "#texture" },
        "up":    { "uv": [ 5.75, 0, 6.375, 0.75 ], "texture": "#texture" },
        "north": { "uv": [ 5.75, 0.25, 6.375, 0.75 ], "texture": "#texture" },
        "south": { "uv": [ 5.75, 0.25, 6.375, 0.75 ], "texture": "#texture" },
        "east":  { "uv": [ 5.875, 0.5, 6.5, 0.875 ], "texture": "#texture" }
    }
},
{
    "from": [ -1.12, 11.08, 7.76 ],
    "to": [ 7.28, 12.04, 9.68 ],
    "faces": {
        "down":  { "uv": [ 12.75, 8.8125, 8.375, 7.875 ], "texture": "#texture" },
        "up":    { "uv": [ 3.25, 7.8125, 7.625, 8.75 ], "texture": "#texture" },
        "north": { "uv": [ 0, 0, 5.25, 1 ], "texture": "#texture" },
        "south": { "uv": [ 0, 0, 5.25, 1 ], "texture": "#texture" },
        "west":  { "uv": [ 0, 1.5, 4.375, 2.625 ], "texture": "#texture" }
    }
},
{
    "from": [ 2.96, 11.8, 7.88 ],
    "to": [ 3.44, 12.28, 9.56 ],
    "faces": {
        "down":  { "uv": [ 6.125, 0.25, 5.875, 1.25 ], "texture": "#texture" },
        "up":    { "uv": [ 6.125, 0.25, 5.875, 1.25 ], "texture": "#texture" },
        "north": { "uv": [ 6.25, 0.125, 5.625, 1 ], "texture": "#texture" },
        "south": { "uv": [ 6.25, 0.125, 5.625, 1 ], "texture": "#texture" },
        "west":  { "uv": [ 5.625, 0.25, 6.125, 1.875 ], "texture": "#texture" },
        "east":  { "uv": [ 5.625, 0.25, 6.125, 1.875 ], "texture": "#texture" }
    }
},
{
    "from": [ 5.6768, 11.8768, 7.7504 ],
    "to": [ 7.5584, 12.3568, 9.6704 ],
    "faces": {
        "down":  { "uv": [ 5.75, 0.25, 6.5, 1.25 ], "texture": "#texture" },
        "up":    { "uv": [ 5.75, 0.25, 6.5, 1.25 ], "texture": "#texture" },
        "north": { "uv": [ 5.75, 0.375, 6, 1.125 ], "texture": "#texture" },
        "south": { "uv": [ 5.75, 0.375, 6, 1.125 ], "texture": "#texture" },
        "west":  { "uv": [ 5.75, 0.25, 6.125, 1 ], "texture": "#texture" },
        "east":  { "uv": [ 5.75, 0.25, 6.125, 1 ], "texture": "#texture" }
    }
},
{
    "from": [ 1.04, 11.8, 7.88 ],
    "to": [ 1.52, 12.28, 9.56 ],
    "faces": {
        "down":  { "uv": [ 5.75, 0.25, 6.125, 1.375 ], "texture": "#texture" },
        "up":    { "uv": [ 5.75, 0.25, 6.125, 1.375 ], "texture": "#texture" },
        "north": { "uv": [ 5.625, 0.125, 6.125, 1.5 ], "texture": "#texture" },
        "south": { "uv": [ 5.625, 0.125, 6.125, 1.5 ], "texture": "#texture" },
        "west":  { "uv": [ 5.625, 0.125, 6.25, 1.125 ], "texture": "#texture" },
        "east":  { "uv": [ 5.625, 0.125, 6.25, 1.125 ], "texture": "#texture" }
    }
},
{
    "from": [ 2, 11.8, 7.88 ],
    "to": [ 2.48, 12.28, 9.56 ],
    "faces": {
        "down":  { "uv": [ 5.875, 0, 6.25, 1.25 ], "texture": "#texture" },
        "up":    { "uv": [ 5.875, 0, 6.25, 1.25 ], "texture": "#texture" },
        "north": { "uv": [ 5.75, 0.125, 6.125, 1.375 ], "texture": "#texture" },
        "south": { "uv": [ 5.75, 0.125, 6.125, 1.375 ], "texture": "#texture" },
        "west":  { "uv": [ 5.75, 0.125, 6.125, 1.5 ], "texture": "#texture" },
        "east":  { "uv": [ 5.75, 0.125, 6.125, 1.5 ], "texture": "#texture" }
    }
},
{
    "from": [ 3.92, 11.8, 7.88 ],
    "to": [ 4.4, 12.28, 9.56 ],
    "faces": {
        "down":  { "uv": [ 5.75, 0.25, 6.25, 1.375 ], "texture": "#texture" },
        "up":    { "uv": [ 5.75, 0.25, 6.25, 1.375 ], "texture": "#texture" },
        "north": { "uv": [ 5.75, 0.25, 6.375, 1.375 ], "texture": "#texture" },
        "south": { "uv": [ 5.75, 0.25, 6.375, 1.375 ], "texture": "#texture" },
        "west":  { "uv": [ 5.75, 0.375, 6.125, 1.125 ], "texture": "#texture" },
        "east":  { "uv": [ 5.75, 0.375, 6.125, 1.125 ], "texture": "#texture" }
    }
},
{
    "from": [ 4.88, 11.8, 7.88 ],
    "to": [ 5.36, 12.28, 9.56 ],
    "faces": {
        "down":  { "uv": [ 6, 0, 6, 0.25 ], "texture": "#texture" },
        "up":    { "uv": [ 6, 0, 6, 0.25 ], "texture": "#texture" },
        "north": { "uv": [ 5.625, 0.25, 6.25, 1.125 ], "texture": "#texture" },
        "south": { "uv": [ 5.625, 0.25, 6.25, 1.125 ], "texture": "#texture" },
        "west":  { "uv": [ 5.875, 0.125, 6.5, 1.25 ], "texture": "#texture" },
        "east":  { "uv": [ 5.875, 0.125, 6.5, 1.25 ], "texture": "#texture" }
    }
},
{
    "from": [ 5.84, 11.896, 7.8464 ],
    "to": [ 6.32, 12.28, 8.6144 ],
    "faces": {
        "down":  { "uv": [ 0, 0, 0, 0 ], "texture": "#texture" },
        "up":    { "uv": [ 0, 0, 0, 0 ], "texture": "#texture" },
        "north": { "uv": [ 0, 0, 0, 0 ], "texture": "#texture" },
        "south": { "uv": [ 0, 0, 0, 0 ], "texture": "#texture" },
        "west":  { "uv": [ 0, 0, 0, 0 ], "texture": "#texture" },
        "east":  { "uv": [ 0, 0, 0, 0 ], "texture": "#texture" }
    }
},
{
    "from": [ 6.8, 11.896, 7.8464 ],
    "to": [ 7.28, 12.28, 8.6144 ],
    "faces": {
        "down":  { "uv": [ 0, 0, 0, 0 ], "texture": "#texture" },
        "up":    { "uv": [ 0, 0, 0, 0 ], "texture": "#texture" },
        "north": { "uv": [ 0, 0, 0, 0 ], "texture": "#texture" },
        "south": { "uv": [ 0, 0, 0, 0 ], "texture": "#texture" },
        "west":  { "uv": [ 0, 0, 0, 0 ], "texture": "#texture" },
        "east":  { "uv": [ 0, 0, 0, 0 ], "texture": "#texture" }
    }
},
{
    "from": [ 5.36, 12.04, 8.096 ],
    "to": [ 6.8, 12.76, 9.296 ],
    "faces": {
        "up":    { "uv": [ 0, 15.375, 0.75, 16 ], "texture": "#texture" },
        "north": { "uv": [ 0, 15.625, 0.75, 16 ], "texture": "#texture" },
        "south": { "uv": [ 0, 15.625, 0.75, 16 ], "texture": "#texture" },
        "west":  { "uv": [ 0, 15.625, 0.625, 16 ], "texture": "#texture" },
        "east":  { "uv": [ 0, 15.625, 0.625, 16 ], "texture": "#texture" }
    }
},
{
    "from": [ 5.6, 12.04, 8.336 ],
    "to": [ 6.32, 13.24, 8.576 ],
    "faces": {
        "up":    { "uv": [ 14.5, 3.625, 15.375, 5 ], "texture": "#texture" },
        "north": { "uv": [ 14.75, 3.875, 15.5, 5.125 ], "texture": "#texture" },
        "south": { "uv": [ 14.75, 3.875, 15.5, 5.125 ], "texture": "#texture" },
        "west":  { "uv": [ 14.375, 3.875, 15.25, 4.75 ], "texture": "#texture" },
        "east":  { "uv": [ 14.375, 3.875, 15.25, 4.75 ], "texture": "#texture" }
    }
},
{
    "from": [ -0.6592, 11.4928, 7.7504 ],
    "to": [ 0.3008, 12.6928, 9.6704 ],
    "faces": {
        "down":  { "uv": [ 0, 15.5, 0.625, 16 ], "texture": "#texture" },
        "up":    { "uv": [ 0, 15.5, 0.625, 16 ], "texture": "#texture" },
        "north": { "uv": [ 0, 15.5, 0.625, 16 ], "texture": "#texture" },
        "south": { "uv": [ 0, 15.5, 0.625, 16 ], "texture": "#texture" },
        "west":  { "uv": [ 0, 15.5, 0.75, 16 ], "texture": "#texture" },
        "east":  { "uv": [ 0, 15.5, 0.75, 16 ], "texture": "#texture" }
    }
},
{
    "from": [ -0.4, 12.04, 8.336 ],
    "to": [ 0.08, 13.24, 8.576 ],
    "rotation": { "origin": [ -0.4, 13.24, 8.336 ], "axis": "x", "angle": 22.5 },
    "faces": {
        "up":    { "uv": [ 14.5, 3.625, 15.375, 5 ], "texture": "#texture" },
        "north": { "uv": [ 14.75, 3.875, 15.5, 5.125 ], "texture": "#texture" },
        "south": { "uv": [ 14.75, 3.875, 15.5, 5.125 ], "texture": "#texture" },
        "west":  { "uv": [ 14.375, 3.875, 15.25, 4.75 ], "texture": "#texture" },
        "east":  { "uv": [ 14.375, 3.875, 15.25, 4.75 ], "texture": "#texture" }
    }
},
{
    "from": [ -0.4, 11.944, 8.8832 ],
    "to": [ 0.08, 13.144, 9.1232 ],
    "rotation": { "origin": [ -0.4, 13.144, 8.8832 ], "axis": "x", "angle": -22.5 },
    "faces": {
        "down":  { "uv": [ 14.5, 3.625, 15.375, 5 ], "texture": "#texture" },
        "up":    { "uv": [ 14.5, 3.625, 15.375, 5 ], "texture": "#texture" },
        "north": { "uv": [ 14.75, 3.875, 15.5, 5.125 ], "texture": "#texture" },
        "south": { "uv": [ 14.75, 3.875, 15.5, 5.125 ], "texture": "#texture" },
        "west":  { "uv": [ 14.375, 3.875, 15.25, 4.75 ], "texture": "#texture" },
        "east":  { "uv": [ 14.375, 3.875, 15.25, 4.75 ], "texture": "#texture" }
    }
},
{
    "from": [ 5.6, 12.04, 8.7968 ],
    "to": [ 6.32, 13.24, 9.0368 ],
    "faces": {
        "up":    { "uv": [ 14.25, 3.5, 15.125, 4.5 ], "texture": "#texture" },
        "north": { "uv": [ 14.5, 3.625, 15.25, 5.25 ], "texture": "#texture" },
        "south": { "uv": [ 14.5, 3.625, 15.25, 5.25 ], "texture": "#texture" },
        "west":  { "uv": [ 14.5, 3.5, 15.125, 4.875 ], "texture": "#texture" },
        "east":  { "uv": [ 14.5, 3.5, 15.125, 4.875 ], "texture": "#texture" }
    }
},
{
    "from": [ 15.68, 4.36, 7.2608 ],
    "to": [ 21.44, 9.4, 9.9008 ],
    "faces": {
        "down":  { "uv": [ 5.25, 13.25, 6.125, 14.625 ], "texture": "#texture" },
        "up":    { "uv": [ 5.25, 13.25, 6.125, 14.625 ], "texture": "#texture" },
        "north": { "uv": [ 6.5, 10.625, 0, 15 ], "texture": "#texture" },
        "south": { "uv": [ 0, 10.625, 6.5, 15 ], "texture": "#texture" },
        "west":  { "uv": [ 2.375, 3.5, 3.25, 4.375 ], "texture": "#texture" },
        "east":  { "uv": [ 2.375, 3.5, 3.25, 4.375 ], "texture": "#texture" }
    }
},
{
    "from": [ 15.92, 9.16, 7.76 ],
    "to": [ 21.44, 10.6, 8.48 ],
    "rotation": { "origin": [ 15.92, 10.6, 7.76 ], "axis": "x", "angle": 22.5 },
    "faces": {
        "down":  { "uv": [ 4, 9.375, 1, 9 ], "texture": "#texture" },
        "up":    { "uv": [ 12, 9, 15, 9.375 ], "texture": "#texture" },
        "north": { "uv": [ 6.375, 10.625, 0.5, 10.75 ], "texture": "#texture" },
        "south": { "uv": [ 6.375, 10.625, 0.5, 10.75 ], "texture": "#texture" },
        "west":  { "uv": [ 3.125, 3.5, 3.5, 4.25 ], "texture": "#texture" },
        "east":  { "uv": [ 3.125, 3.5, 3.5, 4.25 ], "texture": "#texture" }
    }
},
{
    "from": [ 15.92, 9.16, 7.76 ],
    "to": [ 21.44, 10.6, 9.44 ],
    "faces": {
        "down":  { "uv": [ 4, 9.375, 1, 9 ], "texture": "#texture" },
        "up":    { "uv": [ 0.375, 10.625, 6.375, 10.75 ], "texture": "#texture" },
        "north": { "uv": [ 6.375, 10.625, 0.5, 10.75 ], "texture": "#texture" },
        "south": { "uv": [ 0.375, 10.625, 6.375, 10.75 ], "texture": "#texture" },
        "west":  { "uv": [ 2.75, 3.75, 3.125, 4.5 ], "texture": "#texture" },
        "east":  { "uv": [ 2.75, 3.75, 3.125, 4.5 ], "texture": "#texture" }
    }
}
],
"display": {
    "thirdperson": {
        "rotation": [ 0, 90, -90 ],
        "translation": [ -0.2, 0.1, -1.9 ],
        "scale": [ 0.5, 0.5, 0.5 ]
    },
    "head": {
        "rotation": [ 0, 0, 0 ],
        "translation": [ 0, 0, 0 ],
        "scale": [ 1, 1, 1 ]
    },
    "ground": {
        "rotation": [ 0, 0, 0 ],
        "translation": [ 0, -12.8, 0 ],
        "scale": [ 4, 4, 4 ]
    },
    "fixed": {
        "rotation": [ 0, 0, -37 ],
        "translation": [ 0, 0, 0 ],
        "scale": [ 1, 1, 1 ]
    },
    "firstperson": {
        "rotation": [ 0, -143, 0 ],
        "translation": [ 6.3, 1.1, 1.4 ],
        "scale": [ 1.6, 1.6, 1.6 ]
    },
    "gui": {
        "rotation": [ 0, 90, 0 ],
        "translation": [ 0, 0, 0 ],
        "scale": [ 1.2, 1.2, 1.2 ]
    }
}
}